Date,Open,High,Low,Close,Volume,ema12,ema26,cross,crossover
2020-01-01 00:00:00,7195.24,7196.25,7178.2,7180.97,202.942868,7180.97,7180.97,0,
2020-01-01 01:00:00,7176.47,7194.04,7175.71,7190.86,103.520522,7181.050992862765,7180.996982112992,1,1.0
2020-01-02 03:30:00,7156.62,7161.0,7137.64,7142.37,433.78861,7203.0031256889,7203.286881686615,0,-1.0
2020-01-03 09:30:00,7310.86,7317.07,7298.08,7310.57,721.812028,7117.578006008078,7114.1115887196665,1,1.0
2020-01-09 04:15:00,7930.08,7954.3,7928.29,7941.35,526.437682,8058.050599410867,8059.112563665454,0,-1.0
2020-01-10 18:15:00,8039.57,8113.53,8038.66,8089.99,2059.714344,7896.063199100424,7894.439110184421,1,1.0
2020-01-13 14:30:00,8075.05,8089.93,8073.0,8089.51,231.389597,8105.208696028055,8105.213638526668,0,-1.0
2020-01-13 20:30:00,8118.73,8149.0,8116.0,8138.55,586.657986,8105.66699194042,8105.011751326237,1,1.0
2020-01-19 13:30:00,8573.47,8637.22,8559.02,8629.68,808.520504,8926.586566705942,8929.553625941191,0,-1.0
2020-01-22 00:00:00,8736.04,8758.08,8736.03,8749.12,304.113987,8682.014501491878,8681.218950469101,1,1.0
2020-01-22 13:30:00,8653.0,8654.28,8636.31,8654.28,384.066643,8690.10949156872,8690.690558801469,0,-1.0
2020-01-26 10:15:00,8419.99,8429.5,8418.64,8426.09,129.568503,8375.603939959037,8374.897130384577,1,1.0
2020-01-31 14:15:00,9295.65,9297.89,9250.0,9255.27,511.525526,9363.628531357745,9364.027500743552,0,-1.0
2020-02-01 01:45:00,9398.21,9435.0,9394.7,9429.86,348.270894,9356.701168594154,9355.42655495568,1,1.0
2020-02-01 15:15:00,9364.02,9375.0,9353.32,9353.85,337.183856,9366.822993019437,9367.024171634204,0,-1.0
2020-02-01 17:00:00,9405.86,9408.0,9381.33,9401.01,303.659306,9367.414419377526,9367.164252740464,1,1.0
2020-02-02 01:45:00,9331.46,9347.81,9328.0,9336.43,183.288723,9368.093151113582,9368.722026802398,0,-1.0
2020-02-02 11:30:00,9419.6,9443.08,9419.6,9432.66,355.615451,9361.13572606247,9360.149472691308,1,1.0
2020-02-03 10:30:00,9325.21,9348.34,9320.12,9337.76,361.903846,9388.155931812595,9388.411458169136,0,-1.0
2020-02-05 11:15:00,9398.21,9406.0,9380.0,9380.13,691.739351,9258.301939629277,9256.955872664686,1,1.0
2020-02-10 10:30:00,9828.72,9866.4,9825.44,9865.09,819.429476,9995.42575465116,9997.109940086964,0,-1.0
2020-02-11 16:30:00,10194.16,10218.0,10175.81,10189.09,1220.973285,9880.901759077135,9879.699192322336,1,1.0
2020-02-13 20:15:00,10242.17,10258.84,10220.59,10230.71,242.385692,10252.824637060932,10253.026577354352,0,-1.0
2020-02-14 15:45:00,10265.91,10267.21,10244.17,10249.94,442.497319,10238.0878890016,10238.0308255311,1,1.0
2020-02-15 11:00:00,10243.41,10254.83,10220.0,10232.0,454.86033,10263.016791066697,10263.194998433579,0,-1.0
2020-02-18 18:00:00,9946.71,10048.0,9946.38,10022.07,2917.862701,9763.13636592129,9759.29466961623,1,1.0
2020-02-20 00:45:00,9620.94,9641.3,9619.95,9626.38,762.063367,9938.275390111392,9943.155823592242,0,-1.0
2020-02-23 03:00:00,9682.37,9688.33,9675.19,9683.94,158.203064,9661.729417879911,9661.54837158402,1,1.0
2020-02-24 10:15:00,9726.22,9745.99,9725.65,9735.6,367.721143,9789.855834592649,9789.98226541299,0,-1.0
2020-03-02 09:15:00,8667.48,8683.96,8656.75,8676.05,588.396052,8603.940510198192,8603.334086339795,1,1.0
2020-03-03 20:15:00,8713.59,8715.52,8696.26,8702.42,244.475437,8758.855483776848,8759.107656791512,0,-1.0
2020-03-04 01:15:00,8804.01,8821.0,8780.77,8785.8,542.309438,8758.146840198298,8758.141080854059,1,1.0
2020-03-04 15:45:00,8717.76,8737.55,8694.13,8700.0,423.145818,8765.509241151874,8766.78279138384,0,-1.0
2020-03-05 01:30:00,8856.97,8859.99,8832.89,8859.17,535.157112,8761.549457713896,8760.420956291176,1,1.0
2020-03-07 18:15:00,8865.07,8885.72,8852.7,8873.83,603.676774,9061.394977886164,9061.451692337594,0,-1.0
2020-03-17 07:00:00,5273.4,5305.22,5256.87,5301.59,833.383867,5135.73413484417,5132.794171715224,1,1.0
2020-03-18 11:15:00,5110.21,5150.0,5109.28,5119.68,1076.564742,5248.392226240604,5249.535465947674,0,-1.0
2020-03-18 19:15:00,5340.18,5347.29,5300.0,5302.67,1149.57965,5245.610960271174,5245.514690637705,1,1.0
2020-03-22 14:45:00,6017.03,6080.72,5977.62,6064.45,1552.309013,6188.360897801753,6190.145699908339,0,-1.0
2020-03-23 16:15:00,6253.62,6320.2,6252.16,6258.05,2574.725143,6052.0587163954415,6048.991320341939,1,1.0
2020-03-27 15:45:00,6640.0,6640.19,6618.87,6622.86,574.527301,6662.550713409602,6663.367352688388,0,-1.0
2020-03-30 11:30:00,6316.55,6395.0,6316.55,6350.0,3440.725033,6156.314578742196,6154.512071751747,1,1.0
2020-04-01 06:30:00,6301.03,6322.0,6291.0,6317.41,736.840737,6368.8224855255985,6369.173372387358,0,-1.0
2020-04-01 23:45:00,6636.63,6671.93,6619.24,6642.92,2294.030016,6332.630708137074,6330.141630785057,1,1.0
2020-04-10 01:30:00,7260.5,7276.64,7254.78,7271.52,318.83172,7286.825506708493,7286.976462316374,0,-1.0
2020-04-12 16:15:00,7040.23,7099.0,7031.58,7072.6,2991.128204,6890.87924445197,6889.437148182511,1,1.0
2020-04-13 02:15:00,6707.49,6727.0,6693.05,6695.5,725.072048,6918.2787143762025,6919.116391841661,0,-1.0
2020-04-14 04:30:00,6911.21,6912.09,6875.89,6884.69,756.86117,6821.961578200222,6821.668798515336,1,1.0
2020-04-15 12:00:00,6782.86,6783.47,6691.21,6720.19,4159.998605,6854.845571551197,6856.546370142032,0,-1.0
2020-04-16 10:00:00,7027.7,7061.8,7026.77,7040.01,1253.048681,6786.612061188974,6782.397072873794,1,1.0
2020-04-20 11:15:00,7078.47,7079.44,7056.11,7058.3,543.245651,7144.861211090047,7145.911316080596,0,-1.0
2020-04-22 13:15:00,6955.17,7066.66,6955.13,7048.45,4598.008955,6915.078154157244,6912.89004558565,1,1.0
2020-05-03 20:30:00,8842.95,8845.08,8790.0,8817.0,506.357215,8913.934721934547,8915.356611075966,0,-1.0
2020-05-04 22:45:00,8907.33,8916.62,8844.37,8869.93,609.740628,8819.514507485506,8819.058232191735,1,1.0
2020-05-09 11:45:00,9563.65,9640.05,9561.84,9638.85,1059.861368,9753.897940682047,9754.662777156915,0,-1.0
2020-05-12 16:15:00,8915.99,8953.33,8901.01,8927.66,1683.578706,8765.40625591433,8763.085241190347,1,1.0
2020-05-15 21:15:00,9214.12,9440.0,9211.1,9380.41,2043.282438,9485.678775333065,9486.868112123539,0,-1.0
2020-05-17 03:45:00,9566.54,9579.16,9538.93,9545.58,580.515948,9436.389306159977,9435.698553095479,1,1.0
2020-05-19 03:45:00,9578.88,9594.35,9493.03,9530.0,2102.086224,9660.03926619625,9661.54993340119,0,-1.0
2020-05-19 09:30:00,9782.94,9808.55,9782.9,9795.14,907.807924,9657.74600041988,9657.021450196818,1,1.0
2020-05-20 16:45:00,9488.64,9505.95,9466.08,9497.99,784.054116,9702.531326209682,9704.200633689932,0,-1.0
2020-05-24 06:30:00,9279.96,9294.08,9264.09,9274.0,495.510318,9203.210452289659,9202.778419772376,1,1.0
2020-05-24 13:30:00,9140.0,9149.4,9122.41,9125.35,434.144588,9206.70974915012,9207.180021024846,0,-1.0
2020-05-27 10:30:00,8986.17,9170.0,8982.01,9114.42,5825.391066,8876.928934308327,8874.700434162194,1,1.0
2020-05-31 22:15:00,9504.01,9515.0,9474.75,9490.0,281.030986,9521.816698551422,9522.34835108837,0,-1.0
2020-06-01 04:30:00,9568.06,9573.6,9550.0,9565.99,460.020984,9519.27417018701,9519.22647245934,1,1.0
2020-06-02 19:45:00,9519.94,9533.72,9502.72,9508.83,503.860817,9776.998749988135,9778.710290421606,0,-1.0
2020-06-04 07:15:00,9663.58,9663.59,9652.0,9659.47,372.637483,9626.311138695664,9625.730461595533,1,1.0
2020-06-04 09:30:00,9570.06,9570.06,9535.93,9554.65,613.30748,9624.327985795328,9625.146116679134,0,-1.0
2020-06-04 13:45:00,9758.38,9793.36,9738.0,9762.28,1288.185561,9626.86531688475,9624.706319925417,1,1.0
2020-06-05 22:30:00,9650.49,9674.59,9641.13,9672.0,257.910995,9718.848597850694,9719.23001505705,0,-1.0
2020-06-08 00:00:00,9746.99,9779.99,9732.37,9738.0,695.498168,9637.364427196413,9635.42971867584,1,1.0
2020-06-09 10:15:00,9662.74,9672.11,9650.15,9665.76,414.508908,9689.799660176037,9689.803479819167,0,-1.0
2020-06-09 12:00:00,9721.23,9748.95,9720.0,9729.67,927.668531,9689.93374108272,9689.78247949257,1,1.0
2020-06-11 14:15:00,9654.01,9675.0,9640.04,9657.1,921.837191,9789.408573540886,9789.671757343289,0,-1.0
2020-06-15 21:45:00,9477.09,9477.73,9410.0,9434.63,552.016725,9311.452520186023,9309.868465089767,1,1.0
2020-06-17 17:45:00,9425.21,9430.04,9396.94,9402.27,1118.287842,9452.827730265208,9453.17452622295,0,-1.0
2020-06-21 02:00:00,9374.67,9400.0,9371.98,9391.68,637.90855,9328.747337479927,9328.478407138262,1,1.0
2020-06-21 22:30:00,9314.58,9324.98,9300.0,9300.0,256.84216,9342.590972800472,9342.618946758106,0,-1.0
2020-06-22 02:45:00,9372.11,9387.85,9371.05,9386.63,217.693487,9342.107105234425,9341.812913243883,1,1.0
2020-06-24 11:00:00,9378.2,9409.06,9360.02,9407.26,964.042353,9581.847953135435,9585.158063012303,0,-1.0
2020-06-29 01:30:00,9123.67,9138.49,9115.37,9137.64,230.375471,9108.353859024006,9108.003825772126,1,1.0
2020-06-29 08:00:00,9096.91,9097.03,9078.0,9084.0,508.64769,9108.107115188457,9108.502648975102,0,-1.0
2020-06-29 18:00:00,9160.14,9180.0,9145.01,9160.16,755.386467,9106.461571514417,9106.21724659713,1,1.0
2020-07-02 16:00:00,9048.92,9071.03,9017.5,9066.01,1218.032242,9193.522735256724,9194.388971950195,0,-1.0
2020-07-04 20:45:00,9119.87,9131.21,9118.38,9130.07,156.512122,9097.30075164417,9096.641848045187,1,1.0
2020-07-05 08:15:00,9054.8,9063.04,9050.0,9061.42,237.16241,9100.789024977343,9101.61109942738,0,-1.0
2020-07-06 06:15:00,9147.83,9224.95,9140.47,9187.98,2959.152879,9075.639917311695,9074.740168398836,1,1.0
2020-07-09 17:00:00,9220.79,9239.53,9211.09,9223.66,413.425652,9343.647184277343,9345.139558673663,0,-1.0
2020-07-11 04:30:00,9270.87,9278.39,9264.75,9267.59,151.123977,9247.995908537261,9247.86784954638,1,1.0
2020-07-11 10:00:00,9206.93,9234.48,9200.0,9220.78,256.789381,9248.135621574322,9248.544078144403,0,-1.0
2020-07-12 03:00:00,9270.36,9279.34,9270.36,9278.2,183.427827,9238.886482042913,9238.71608790958,1,1.0
2020-07-12 15:30:00,9212.1,9222.05,9207.0,9219.81,276.667947,9243.234674648958,9243.69100946887,0,-1.0
2020-07-12 23:15:00,9274.59,9288.72,9273.39,9285.67,536.469334,9241.87613814562,9241.32720470295,1,1.0
2020-07-14 00:30:00,9226.23,9233.78,9220.0,9223.98,400.623392,9265.226032678947,9265.396022909088,0,-1.0
2020-07-15 00:00:00,9255.85,9268.98,9254.86,9265.36,281.469222,9240.530922215645,9240.091246403661,1,1.0
2020-07-15 07:15:00,9222.99,9230.15,9221.89,9225.51,352.469415,9240.682241352002,9240.701202369797,0,-1.0
2020-07-17 22:00:00,9151.38,9154.02,9144.05,9152.87,183.338855,9147.861136801388,9147.788258749935,1,1.0
2020-07-18 03:15:00,9137.89,9138.05,9126.59,9129.18,177.19231,9147.722942925562,9148.02424727028,0,-1.0
2020-07-18 10:30:00,9167.24,9169.91,9164.98,9167.2,174.61901,9147.448160078335,9147.225413779832,1,1.0
2020-07-19 10:15:00,9149.48,9149.49,9101.35,9112.69,1432.156864,9155.945095374163,9156.557177752213,0,-1.0
2020-07-19 22:30:00,9172.75,9197.34,9167.0,9188.42,949.694726,9152.693477516528,9152.235820326081,1,1.0
2020-08-02 10:45:00,11219.0,11280.0,11122.01,11251.3,1584.177506,11491.442616062175,11495.924204800993,0,-1.0
2020-08-03 18:30:00,11389.33,11404.5,11368.8,11401.99,455.065379,11284.117420256125,11284.109247808725,1,1.0
2020-08-04 00:00:00,11219.68,11268.41,11217.41,11265.91,621.90416,11287.708271267116,11287.791711025402,0,-1.0
2020-08-04 00:15:00,11264.79,11370.0,11264.08,11358.17,884.480882,11290.01849188131,11288.66057879052,1,1.0
2020-08-04 06:30:00,11253.47,11262.19,11242.48,11254.34,357.511035,11289.893936875498,11290.238114946173,0,-1.0
2020-08-05 09:00:00,11297.44,11374.0,11297.44,11361.56,2465.884584,11245.924946941,11245.269473898707,1,1.0
2020-08-07 18:00:00,11536.98,11537.06,11466.57,11491.04,1175.036259,11701.844293311977,11704.415468739573,0,-1.0
2020-08-08 12:30:00,11773.09,11783.37,11751.32,11766.71,445.407461,11659.344509012706,11658.23961855342,1,1.0
2020-08-09 13:15:00,11673.88,11681.78,11657.92,11661.34,339.710668,11686.690967657836,11687.134839503331,0,-1.0
2020-08-10 01:45:00,11750.28,11860.0,11747.86,11849.87,2001.571673,11674.432592561725,11671.970627092844,1,1.0
2020-08-11 09:45:00,11723.38,11728.65,11694.01,11695.9,916.961472,11809.815571436591,11809.994155095006,0,-1.0
2020-08-13 01:30:00,11627.56,11627.57,11600.9,11617.38,372.834424,11540.16668078982,11539.262300257926,1,1.0
2020-08-13 08:15:00,11472.07,11498.0,11426.0,11426.01,1128.628615,11538.923374651466,11540.41778854662,0,-1.0
2020-08-13 21:30:00,11635.11,11697.8,11634.32,11692.71,838.59317,11524.587305540403,11523.448477469858,1,1.0
2020-08-18 19:15:00,12022.11,12029.0,11993.99,12006.41,557.620927,12102.592341328322,12103.658460784913,0,-1.0
2020-08-21 00:45:00,11836.51,11848.01,11823.45,11830.01,555.777839,11825.914364850649,11825.885362435412,1,1.0
2020-08-21 01:00:00,11830.0,11832.77,11800.0,11819.8,484.413817,11825.713893871938,11825.810234504112,0,-1.0
2020-08-21 04:15:00,11859.24,11863.94,11843.97,11850.25,421.004104,11826.202722579646,11825.827953349435,1,1.0
2020-08-21 10:00:00,11776.48,11789.05,11755.14,11760.02,786.080671,11824.843023452311,11826.077370362204,0,-1.0
2020-08-23 19:30:00,11672.97,11693.72,11667.5,11683.44,621.373753,11617.060636448166,11616.98502691893,1,1.0
2020-08-25 07:30:00,11582.39,11603.92,11569.26,11586.18,636.393207,11696.593562416983,11697.60837987574,0,-1.0
2020-08-28 10:15:00,11428.99,11452.0,11400.62,11409.29,821.557737,11373.427092213284,11373.414339327677,1,1.0
2020-09-02 10:45:00,11578.89,11604.47,11520.01,11574.27,2038.803055,11811.938755348383,11814.017154063762,0,-1.0
2020-09-08 00:00:00,10373.45,10398.48,10365.0,10383.9,655.427753,10192.600123787115,10192.55222059816,1,1.0
2020-09-08 10:45:00,10033.99,10060.55,10025.43,10045.88,603.06227,10208.447786227169,10210.459389918624,0,-1.0
2020-09-09 12:15:00,10240.78,10240.79,10170.36,10184.62,617.691421,10132.288966100794,10131.820107947464,1,1.0
2020-09-13 16:30:00,10260.0,10275.99,10255.08,10257.17,458.745558,10392.574503521035,10392.844822861765,0,-1.0
2020-09-14 11:30:00,10462.58,10470.81,10446.41,10448.26,844.717909,10362.831900810645,10361.886674047333,1,1.0
2020-09-20 11:45:00,10956.85,10963.5,10939.0,10951.17,443.628621,10978.36545219492,10978.56067834589,0,-1.0
2020-09-24 17:00:00,10672.2,10688.88,10639.63,10669.98,1072.809097,10409.556567084253,10408.504041000575,1,1.0
2020-09-27 12:45:00,10650.1,10671.68,10649.73,10666.97,296.817557,10692.925350924943,10693.019352121586,0,-1.0
2020-09-27 16:30:00,10740.56,10746.78,10730.64,10744.03,228.210778,10694.014977284236,10693.062579256031,1,1.0
2020-09-29 03:00:00,10689.37,10699.66,10682.23,10691.82,311.890814,10801.695365287964,10803.56666392913,0,-1.0
2020-09-30 02:00:00,10789.45,10803.37,10784.69,10802.85,236.656265,10769.216881709917,10769.112235157985,1,1.0
2020-09-30 04:00:00,10742.23,10754.34,10734.82,10741.86,325.437815,10768.704274518754,10769.004163509133,0,-1.0
2020-10-01 01:30:00,10801.19,10818.68,10801.19,10816.74,279.570901,10752.394331269672,10751.908083223423,1,1.0
2020-10-01 17:30:00,10520.27,10532.91,10486.92,10499.33,906.854974,10773.791541779661,10778.621721908108,0,-1.0
2020-10-04 07:00:00,10618.0,10630.21,10602.0,10604.19,249.34501,10560.324232536774,10560.203130577489,1,1.0
2020-10-06 19:45:00,10576.22,10587.12,10556.82,10571.36,760.991402,10697.340307915954,10698.540935827463,0,-1.0
2020-10-08 14:15:00,10720.05,10744.99,10713.12,10733.61,787.179831,10635.896608859233,10635.516399874106,1,1.0
2020-10-13 17:45:00,11359.99,11376.64,11349.79,11354.3,475.115434,11435.006957096535,11436.615044355567,0,-1.0
2020-10-15 18:45:00,11477.14,11485.28,11467.0,11467.21,364.908875,11392.881157001528,11392.03582897023,1,1.0
2020-10-16 07:30:00,11329.99,11337.23,11325.05,11325.06,342.88113,11415.433339660076,11415.759922043648,0,-1.0
2020-10-18 02:00:00,11390.62,11397.0,11371.61,11372.76,245.909404,11351.250232709861,11351.201407185546,1,1.0
2020-10-25 18:15:00,12982.39,12991.48,12968.24,12975.84,152.240572,13012.472203507052,13012.55026081597,0,-1.0
2020-10-25 20:00:00,13042.17,13047.8,13025.27,13047.69,304.698306,13012.749789479723,13012.580889114382,1,1.0
2020-10-26 18:15:00,12882.49,12950.0,12880.97,12944.31,757.808376,13043.471389250608,13043.87133451471,0,-1.0
2020-10-27 01:00:00,13092.89,13098.92,13064.57,13067.9,192.623212,13041.758765611357,13041.217674136138,1,1.0
2020-10-28 16:30:00,13124.46,13133.12,13050.0,13065.0,1642.984347,13408.585570069297,13411.152311865613,0,-1.0
2020-10-29 17:30:00,13554.48,13635.66,13534.94,13629.02,1270.153444,13304.219838967982,13302.992282005487,1,1.0
2020-10-30 09:30:00,13254.91,13279.73,13230.27,13259.38,523.089816,13354.605170217128,13356.392472618429,0,-1.0
2020-10-30 16:00:00,13549.6,13582.0,13496.37,13499.34,1580.713059,13352.707772877111,13352.307521244475,1,1.0
2020-11-02 08:45:00,13558.77,13558.78,13420.0,13446.65,1858.15247,13720.485280836021,13722.396547783816,0,-1.0
2020-11-03 16:15:00,13716.26,13749.88,13701.54,13725.0,750.097294,13575.672001352661,13574.66508326801,1,1.0
2020-11-07 19:30:00,14785.38,14814.74,14560.0,14630.0,4800.594079,15324.508524802657,15335.097753836593,0,-1.0
2020-11-08 17:00:00,15388.0,15469.22,15380.0,15441.8,1070.261325,15167.828269103373,15166.848929492471,1,1.0
2020-11-09 16:45:00,15030.78,15135.7,15010.0,15111.62,1637.333665,15307.46952304721,15307.48203268586,0,-1.0
2020-11-09 20:30:00,15427.95,15492.67,15427.95,15472.14,1257.777713,15307.372635498132,15305.918767575442,1,1.0
2020-11-10 14:15:00,15288.99,15290.0,15221.44,15249.51,671.815235,15314.822878607127,15316.134981061454,0,-1.0
2020-11-11 00:30:00,15389.46,15430.0,15380.64,15420.3,1409.609014,15307.493109151126,15306.893300804704,1,1.0
2020-11-14 09:45:00,15863.38,15880.0,15754.84,15794.85,1165.67896,16118.629846956554,16119.142345123071,0,-1.0
2020-11-16 06:30:00,16201.52,16242.66,16184.45,16193.76,699.744432,16000.814695677474,15998.917584251434,1,1.0
2020-11-22 09:15:00,18330.15,18351.0,18200.0,18260.01,984.261335,18520.00734566056,18520.986276619642,0,-1.0
2020-11-22 22:30:00,18619.69,18649.0,18575.62,18640.56,378.77188,18462.31757666165,18461.124681834885,1,1.0
2020-11-23 00:15:00,18479.58,18504.5,18221.0,18246.5,1190.547981,18458.039006738563,18459.779886878612,0,-1.0
2020-11-23 09:30:00,18564.13,18651.03,18545.77,18644.25,1190.900185,18446.00876678055,18442.705367200517,1,1.0
2020-11-23 18:00:00,18352.93,18366.78,18283.43,18332.62,743.400636,18457.632559872793,18458.311564370684,0,-1.0
2020-11-24 09:30:00,18888.47,19000.0,18701.02,18916.1,4456.012885,18439.96575871675,18435.57013460063,1,1.0
2020-11-26 02:00:00,18799.32,18804.28,18655.0,18708.11,1141.805924,18939.38323015553,18940.835728288308,0,-1.0
2020-11-28 16:15:00,17683.87,17727.0,17605.82,17646.23,1540.028424,17164.7605386578,17158.565490753375,1,1.0
2020-12-02 02:15:00,18824.4,18846.0,18759.99,18760.0,314.463484,18983.32041903323,18985.638037610035,0,-1.0
2020-12-02 11:15:00,19075.72,19171.84,19022.47,19132.43,966.10782,18954.73961659177,18953.126891766184,1,1.0
2020-12-02 17:30:00,18904.76,18946.01,18855.0,18880.92,544.440112,18954.522563990617,18955.89645958544,0,-1.0
2020-12-02 18:00:00,18976.33,19046.26,18894.8,19019.28,853.530776,18957.33731396166,18956.928123966893,1,1.0
2020-12-04 12:30:00,18856.05,18977.16,18852.84,18968.54,1395.084054,19214.948379046775,19217.64827300754,0,-1.0
2020-12-05 19:15:00,19171.86,19172.37,19089.1,19089.11,376.584047,19037.30860701227,19036.277971798096,1,1.0
2020-12-07 19:30:00,19020.0,19039.02,18935.28,18969.29,659.815676,19165.72524474026,19166.61673910514,0,-1.0
2020-12-08 05:15:00,19204.99,19211.14,19196.81,19203.6,232.117584,19159.785418226245,19158.905411635224,1,1.0
2020-12-08 08:45:00,19044.46,19104.81,19010.0,19069.96,592.312826,19157.727013662632,19158.83130223559,0,-1.0
2020-12-12 03:15:00,18280.97,18300.0,18280.97,18283.82,217.503302,18110.262773170885,18110.011994627675,1,1.0
2020-12-21 11:45:00,22807.78,22832.69,22620.32,22645.85,1424.344988,23528.155123382996,23529.05461807797,0,-1.0
2020-12-22 18:30:00,23454.73,23520.0,23430.0,23446.47,997.706252,23150.21794811253,23147.550906744702,1,1.0
2020-12-24 00:45:00,22898.68,23070.71,22809.59,23067.41,1035.441265,23398.49573409561,23402.81383488056,0,-1.0
2020-12-24 21:15:00,23510.0,23563.54,23461.0,23539.24,555.785808,23292.293216107995,23291.953851392045,1,1.0
2020-12-29 06:00:00,26452.4,26466.8,26264.52,26284.0,789.713509,26757.65742453263,26766.490058461586,0,-1.0
2020-12-29 21:30:00,26998.45,27005.87,26820.38,26869.13,730.881725,26730.524245674147,26730.037783524047,1,1.0
2021-01-04 10:30:00,29071.16,29801.87,28830.1,29738.09,3621.602325,32451.345459849854,32485.294637479983,0,-1.0
2021-01-05 18:00:00,32742.73,33176.13,32650.03,33132.77,2221.802582,31853.2755415157,31827.70820048506,1,1.0
2021-01-10 16:00:00,39671.82,39757.55,39433.63,39633.27,750.84739,40137.11532906961,40146.70511566098,0,-1.0
2021-01-13 19:15:00,35850.0,35850.01,35577.55,35805.51,960.497685,34637.10736665125,34626.94805920018,1,1.0
2021-01-15 16:15:00,35394.99,36089.99,35100.18,36000.0,4722.068347,37819.76863951285,37836.828609852215,0,-1.0
2021-01-18 12:30:00,37064.08,37200.0,36937.44,36990.69,1533.976412,36017.941357399315,36006.88659424393,1,1.0
2021-01-20 02:30:00,35888.81,36046.67,35851.84,36023.67,471.420795,36513.69592836134,36520.95997054087,0,-1.0
2021-01-22 22:15:00,33357.03,33606.16,33354.01,33517.43,366.024987,32542.09951352208,32531.492376216804,1,1.0
2021-01-23 11:45:00,31797.1,31877.0,31553.2,31645.49,645.093798,32545.000393198618,32562.882032474925,0,-1.0
2021-01-24 07:45:00,32688.67,32825.0,32625.95,32801.15,428.424847,32374.622400453994,32367.109221573646,1,1.0
2021-01-24 15:45:00,32118.42,32166.67,31858.68,31957.05,760.856658,32391.74747019111,32392.425176102082,0,-1.0
2021-01-25 03:30:00,32746.0,33304.86,32702.89,33255.0,1726.576493,32291.461046965283,32281.351027420264,1,1.0
2021-01-26 03:30:00,31863.19,32005.85,31592.0,31608.62,1587.475258,32880.70862322943,32898.34537594465,0,-1.0
2021-01-28 15:15:00,31763.85,32203.38,31761.17,32013.53,1850.726876,31338.965646020326,31329.49323744519,1,1.0
2021-01-31 06:00:00,33757.17,33850.0,33602.0,33844.82,638.693713,34066.75215870537,34069.493111040036,0,-1.0
2021-02-01 09:45:00,34359.14,34419.84,34268.62,34354.47,851.636229,33578.66893176085,33574.61707753375,1,1.0
2021-02-07 14:45:00,38488.82,38537.03,38162.87,38214.98,1047.618221,39020.386882153216,39024.149038854506,0,-1.0
2021-02-08 09:30:00,39028.54,39129.97,38928.57,39035.5,703.491608,38785.36143777212,38783.54207957085,1,1.0
2021-02-10 21:15:00,44528.68,44780.66,44429.45,44636.29,591.754836,45378.70878478649,45384.92580139791,0,-1.0
2021-02-11 12:15:00,46389.1,46443.49,46230.0,46320.94,710.74273,45254.490555630444,45236.081419115,1,1.0
2021-02-13 14:45:00,46763.04,47044.04,46657.24,46946.9,675.389472,47203.54044446708,47208.485371647934,0,-1.0
2021-02-14 02:00:00,47475.25,47630.0,47465.92,47576.92,467.714101,47176.98637827538,47170.34444899746,1,1.0
2021-02-15 05:00:00,46866.56,47000.0,46750.0,46855.61,853.921217,48024.50288589527,48028.23150660611,0,-1.0
2021-02-15 17:30:00,48678.78,48766.72,48501.5,48572.56,516.754871,47899.208754075575,47896.99134027602,1,1.0
2021-02-22 09:45:00,55423.57,55538.3,54355.0,54766.39,2102.649403,56417.0059000463,56437.95509765762,0,-1.0
2021-02-25 13:15:00,51745.01,51780.4,51344.0,51430.06,1394.307594,50017.04255269653,50009.384232586905,1,1.0
2021-02-25 20:15:00,48870.46,49550.01,48788.0,49099.99,812.272187,50062.99596670501,50068.96490592139,0,-1.0
2021-03-01 07:45:00,46088.74,46425.61,45938.46,46288.18,1155.766033,45682.8541601177,45677.4466855548,1,1.0
2021-03-04 13:15:00,49097.84,49587.09,49090.22,49448.93,934.666515,49805.21737512757,49809.9298777393,0,-1.0
2021-03-06 00:00:00,48746.81,49121.21,48740.65,49078.69,639.372281,48394.47362830202,48391.313080829714,1,1.0
2021-03-06 12:15:00,47722.16,47769.22,47521.01,47661.37,856.521011,48432.22064696051,48436.386449779624,0,-1.0
2021-03-06 23:15:00,48838.57,49033.1,48838.57,48996.61,270.483571,48328.234038171744,48326.02149958895,1,1.0
2021-03-15 07:30:00,57844.39,58341.82,57674.7,58339.16,1818.99281,59706.756841689166,59710.47270312904,0,-1.0
2021-03-17 20:30:00,57896.69,58333.0,57896.69,57926.4,903.566552,56026.8716028573,55988.07238778246,1,1.0
2021-03-21 03:15:00,57667.83,57773.08,57451.86,57765.54,348.034061,58521.51575048827,58532.141131508804,0,-1.0
2021-03-24 11:30:00,56428.23,56452.58,56256.51,56445.63,460.699865,55299.944836659706,55291.91430221625,1,1.0
2021-03-24 21:15:00,54035.99,54213.63,53870.16,53977.71,706.979204,55455.00373056709,55459.962990058004,0,-1.0
2021-03-26 16:15:00,53425.38,53733.45,53387.45,53706.51,1000.162099,52963.87663856692,52954.820163680066,1,1.0
2021-04-03 17:30:00,58487.98,58648.62,58325.76,58472.5,639.144935,59151.43131456502,59154.90675890251,0,-1.0
2021-04-05 16:00:00,59020.0,59240.0,58914.71,59010.83,1103.951112,57961.85748107651,57945.794532565946,1,1.0
2021-04-06 17:15:00,58033.34,58180.0,58023.02,58118.52,440.820515,58393.95118392851,58396.19747816446,0,-1.0
2021-04-08 16:45:00,57792.34,57827.04,57622.09,57722.47,414.363184,57126.164295171664,57118.57010091927,1,1.0
2021-04-15 11:30:00,62351.24,62470.18,62264.21,62404.64,428.29226,62797.02063206423,62799.48361849826,0,-1.0
2021-04-15 20:00:00,63363.29,63521.53,63191.72,63229.31,1016.717145,62783.9825411612,62783.715042934615,1,1.0
2021-04-16 05:30:00,62020.05,62064.4,61437.66,61866.16,1176.170319,62838.17994620643,62848.63562876636,0,-1.0
2021-04-20 23:30:00,56476.43,56560.0,56347.72,56388.45,566.420262,56052.085347244516,56051.51703470202,1,1.0
2021-04-21 03:15:00,56050.74,56055.25,55613.39,55747.11,792.556813,56051.68377959719,56053.56674849477,0,-1.0
2021-04-26 03:15:00,52255.01,52288.95,51940.0,51940.0,575.983352,50115.9674132274,50085.21569840894,1,1.0
2021-04-29 08:15:00,54152.36,54180.76,53851.01,53939.79,673.462495,54409.31362586374,54419.089768741884,0,-1.0
2021-04-30 10:00:00,54317.82,54476.04,54317.79,54460.61,442.72615,53965.77172056601,53965.67689840444,1,1.0
2021-05-02 15:30:00,56605.03,56663.57,56231.55,56633.29,594.812797,56877.03765038732,56878.734725220114,0,-1.0
2021-05-03 01:15:00,57555.0,57719.99,57513.2,57641.54,377.37875,56853.6418963968,56851.819048427235,1,1.0
2021-05-04 00:45:00,56627.57,56757.65,54580.0,55291.71,3538.140563,57401.261794341044,57439.04631717378,0,-1.0
2021-05-05 16:00:00,57635.89,58069.82,57431.25,57704.59,4130.14598,55579.36367226826,55558.8462479217,1,1.0
2021-05-07 02:00:00,56197.06,56397.02,56119.6,56294.59,787.28486,56563.4949879782,56568.60128749847,0,-1.0
2021-05-07 14:00:00,56997.47,57099.96,56696.0,56914.13,1072.513004,56445.9525135443,56442.61715332632,1,1.0
2021-05-09 13:00:00,56433.54,56993.25,56402.9,56958.75,1186.009679,58081.1232165333,58091.50728619153,0,-1.0
2021-05-10 01:30:00,58683.04,58723.66,58610.16,58638.01,392.37764,57954.987486901555,57953.87568353483,1,1.0
2021-05-10 14:30:00,57250.26,57519.99,57181.26,57497.36,909.240864,58123.47989261648,58128.33638214168,0,-1.0
2021-05-12 03:00:00,57170.2,57256.77,56937.78,57240.98,569.271187,56540.20601851791,56531.0679765063,1,1.0
2021-05-12 14:45:00,56467.22,56467.22,56000.0,56073.03,1163.123308,56618.69149096074,56626.49903143576,0,-1.0
2021-05-20 15:15:00,41762.82,41999.0,41617.98,41724.15,1522.461046,40165.42232748387,40144.10265387547,1,1.0
2021-05-20 16:45:00,38570.94,39554.99,38110.0,39311.8,3811.494764,40131.821340189024,40134.755903005214,0,-1.0
2021-05-20 22:45:00,39641.8,41900.0,39631.87,41451.73,3192.312621,40138.69519101008,40123.55419682789,1,1.0
2021-05-21 15:00:00,37835.04,38300.0,37016.34,37957.46,5802.637667,40227.72782955943,40260.11630768497,0,-1.0
2021-05-24 12:00:00,37600.01,37830.0,37371.03,37565.79,1908.501029,35785.03242529739,35759.388530721815,1,1.0
2021-05-27 03:45:00,37463.16,37650.0,37368.0,37621.56,776.979544,38542.40414336175,38556.5176676751,0,-1.0
2021-05-27 10:15:00,39473.31,39608.72,39231.82,39350.0,1155.399792,38515.36390150771,38514.008647188966,1,1.0
2021-05-28 01:45:00,38101.55,38213.73,37950.36,38155.11,455.169782,38733.51925403883,38743.64840774477,0,-1.0
2021-05-30 18:00:00,35817.23,35997.4,35814.71,35941.86,469.603934,35492.26025803945,35490.10050609871,1,1.0
2021-05-31 02:15:00,34657.4,34761.72,34440.8,34694.68,1072.081142,35549.892493019455,35550.01512773033,0,-1.0
2021-05-31 10:15:00,36738.94,36875.0,36646.38,36759.51,1513.971567,35476.46596225243,35467.09190568176,1,1.0
2021-06-01 20:30:00,36075.21,36329.96,36067.0,36231.68,460.162236,36369.58431355244,36371.65060458443,0,-1.0
2021-06-01 23:15:00,36497.94,36777.4,36467.36,36740.0,569.705078,36378.31899012896,36374.08911009832,1,1.0
2021-06-02 01:30:00,36070.37,36175.92,36064.82,36098.83,303.666899,36371.11084169538,36373.02323445846,0,-1.0
2021-06-02 03:00:00,36267.67,36685.0,36267.08,36595.7,701.30134,36377.73781593865,36375.35299280647,1,1.0
2021-06-04 06:30:00,36845.6,36960.0,36666.0,36757.07,761.392186,38021.00117164343,38026.77190685462,0,-1.0
2021-06-05 09:00:00,37780.8,37830.0,37666.94,37744.72,341.119289,37455.16666083575,37450.70150598161,1,1.0
2021-06-05 09:45:00,37351.47,37353.46,35951.74,36325.8,4224.004928,37420.805851572535,37437.99614719711,0,-1.0
2021-06-07 11:15:00,36494.19,36580.0,36494.19,36509.42,303.646875,36211.89600910718,36211.20031468397,1,1.0
2021-06-07 16:15:00,35945.39,35997.65,35688.92,35796.83,1036.024839,36205.786476824804,36213.89447751415,0,-1.0
2021-06-09 12:00:00,34972.42,35450.0,34972.42,35234.05,3446.572355,33755.02826607636,33739.348070293076,1,1.0
2021-06-12 04:00:00,35572.84,35726.68,35306.54,35576.58,1635.164585,36686.23785027104,36703.35295542939,0,-1.0
2021-06-13 17:00:00,37029.57,37100.76,36848.22,37001.98,1358.879785,35888.51236322862,35866.81911113643,1,1.0
2021-06-16 13:30:00,39344.31,39352.24,39189.55,39242.76,1140.035812,39798.13982913327,39805.905375502785,0,-1.0
2021-06-23 03:00:00,33812.12,33876.93,33680.0,33706.87,1470.951367,32658.859513667885,32654.58198482017,1,1.0
2021-06-24 03:45:00,32538.01,32669.94,32368.77,32589.2,682.946954,33234.32625457044,33238.24049492596,0,-1.0
2021-06-24 12:00:00,33850.78,34260.0,33850.78,34114.67,2773.153231,33219.53635310531,33206.1994863978,1,1.0
2021-06-25 14:00:00,32988.37,33448.0,32900.0,33433.98,2246.731924,33940.69110960059,33944.252786385514,0,-1.0
2021-06-27 05:00:00,33145.53,33199.0,33050.0,33101.4,1093.254253,32199.184348792864,32187.878644425728,1,1.0
2021-06-30 13:00:00,34638.4,34693.39,34459.41,34500.0,812.433568,35114.62914427991,35126.44424926131,0,-1.0
2021-07-03 07:30:00,33934.55,34498.0,33919.03,34365.24,2660.52826,33578.87883867799,33570.6153510382,1,1.0
2021-07-05 06:15:00,34338.44,34409.91,34254.37,34274.82,639.596844,34844.06636495801,34849.81351235927,0,-1.0
2021-07-06 08:45:00,34849.99,35118.88,34840.0,34985.78,911.563059,34357.00946900745,34351.33146583029,1,1.0
2021-07-06 09:45:00,34149.75,34279.8,34149.75,34204.56,589.39957,34344.62362566069,34346.91412968176,0,-1.0
2021-07-07 05:15:00,34671.89,34869.43,34671.89,34821.18,696.363773,34220.117385477286,34215.479924631974,1,1.0
2021-07-08 00:15:00,33733.2,33754.08,33287.49,33381.79,2468.857715,34385.34665470898,34397.29190190282,0,-1.0
2021-07-09 18:45:00,33423.28,33423.28,33342.57,33382.03,250.208421,33192.18618462814,33188.65062614124,1,1.0
2021-07-12 15:00:00,33405.51,33458.01,33316.2,33452.24,768.281207,33879.813607664015,33882.909019750616,0,-1.0
2021-07-15 00:30:00,32814.95,33000.0,32761.45,32931.59,453.075377,32714.117353827536,32710.890529357886,1,1.0
2021-07-15 05:30:00,32622.92,32658.98,32559.74,32582.94,213.372536,32714.13492771432,32714.83388425286,0,-1.0
2021-07-18 01:30:00,32193.64,32435.0,32193.63,32279.64,1331.790561,31703.98063017663,31697.75271441828,1,1.0
2021-07-18 14:45:00,31309.56,31397.55,31228.11,31322.85,1042.247922,31759.923630187277,31760.58667182661,0,-1.0
2021-07-21 09:15:00,30804.05,30821.43,30758.0,30799.37,319.215369,30281.38973865114,30281.227829331252,1,1.0
2021-07-30 09:45:00,38543.08,38813.87,38494.03,38798.37,1136.490758,39632.44217340966,39646.98703239929,0,-1.0
2021-07-30 21:30:00,40873.43,41500.0,40873.42,41370.03,1696.089799,39497.83751109672,39494.77950702046,1,1.0
2021-08-01 22:30:00,40574.89,40574.89,40111.0,40220.02,2230.196766,41283.00814081381,41295.72894293945,0,-1.0
2021-08-04 17:30:00,39378.65,39479.76,39312.05,39362.33,449.75103,38656.22785479232,38649.025477399926,1,1.0
2021-08-05 11:00:00,38043.43,38229.8,37940.0,38228.93,784.962865,38942.9531515169,38955.80670914249,0,-1.0
2021-08-05 17:30:00,40185.69,40435.99,40185.0,40367.97,1292.305804,38913.74119227085,38906.15194230264,1,1.0
2021-08-09 06:30:00,43289.25,43548.95,43275.32,43400.51,319.432305,43679.87101278048,43681.45659278345,0,-1.0
2021-08-09 09:00:00,43720.0,44250.64,43656.2,44239.05,981.486928,43687.310500903375,43683.10253464186,1,1.0
2021-08-12 07:00:00,45230.01,45388.0,45121.0,45308.77,717.72114,45801.18979794942,45806.200874858136,0,-1.0
2021-08-13 10:15:00,46347.82,46474.34,46315.0,46386.53,561.442626,45236.34749584276,45231.37277559309,1,1.0
2021-08-15 08:30:00,45724.74,45918.88,45630.69,45782.1,577.759347,46676.64078419678,46688.703671665404,0,-1.0
2021-08-16 00:00:00,46973.82,47476.64,46741.44,47452.74,1079.294501,46509.934589197735,46498.93601675258,1,1.0
2021-08-16 18:15:00,46526.08,46666.0,46469.29,46546.19,479.127701,46803.54457571934,46805.621143294135,0,-1.0
2021-08-19 18:30:00,46365.0,46757.01,46365.0,46588.69,1343.474587,45133.21112183848,45118.06050515112,1,1.0
2021-08-24 13:30:00,48819.39,48820.3,48466.27,48571.85,2063.693307,49415.42058809193,49429.4937779557,0,-1.0
2021-08-25 23:00:00,48905.28,49023.11,48807.97,49013.54,229.752255,48530.03292786529,48527.35944652944,1,1.0
2021-08-26 04:30:00,47869.31,47869.32,47735.62,47754.09,457.171246,48534.185189007796,48544.67450554672,0,-1.0
2021-08-27 16:30:00,48131.95,48267.65,48120.5,48239.22,296.43094,47508.45784969935,47498.922961754724,1,1.0
2021-08-29 12:30:00,48345.79,48437.24,48283.24,48393.24,245.96239,48535.40308174801,48535.53811654364,0,-1.0
2021-08-29 18:15:00,48704.83,48845.07,48642.87,48792.76,241.67039,48528.075172474455,48527.860585589435,1,1.0
2021-08-30 04:15:00,48058.62,48073.29,47881.82,47930.97,309.00791,48556.715229886104,48568.36977734094,0,-1.0
2021-09-01 17:00:00,48473.63,48630.0,48317.54,48536.06,1046.37386,47500.74004911185,47483.973824735884,1,1.0
2021-09-05 06:30:00,49656.27,49816.3,49632.6,49811.02,252.34075,49921.36299730034,49922.374185525594,0,-1.0
2021-09-05 08:30:00,49924.01,50085.95,49924.01,50044.57,361.60928,49923.89992910537,49923.15328328239,1,1.0
2021-09-07 14:15:00,50493.38,50535.17,49692.43,49977.32,4018.23579,51513.628589188,51541.44778562669,0,-1.0
2021-09-12 11:45:00,45925.67,46085.91,45925.66,46085.9,288.81091,45555.02599022175,45546.44834143077,1,1.0
2021-09-13 03:00:00,44960.37,45068.12,44815.0,45013.84,367.36618,45616.43223969121,45628.381790481515,0,-1.0
2021-09-14 07:15:00,45751.61,45801.52,45650.89,45770.0,417.77644,45097.41234525732,45092.534976922085,1,1.0
2021-09-17 14:00:00,47240.33,47480.0,47214.93,47473.35,386.45745,47665.504407933506,47668.11811803064,0,-1.0
2021-09-18 05:00:00,48329.3,48437.77,48283.27,48301.54,501.19408,47574.321797728386,47569.79204422337,1,1.0
2021-09-19 12:15:00,47384.51,47442.5,47270.09,47294.78,658.53294,47985.14976191533,47991.8237146974,0,-1.0
2021-09-22 21:00:00,43423.01,43626.05,43313.76,43539.19,379.49861,42826.66073055863,42820.121590937255,1,1.0
2021-09-24 11:15:00,41173.17,41705.42,40675.0,41497.44,3186.01557,43849.451312404606,43855.65596296117,0,-1.0
2021-09-26 14:00:00,43217.41,43260.0,43091.34,43137.66,324.774,42613.63986100755,42612.601429815106,1,1.0
2021-09-27 22:00:00,43070.3,43159.74,42988.0,43139.4,221.9715,43253.06280568099,43253.2889092108,0,-1.0
2021-09-27 22:15:00,43139.4,43333.0,43115.0,43303.82,398.10382,43254.72697598653,43253.91274983782,1,1.0
2021-09-27 22:30:00,43303.82,43400.0,43100.73,43115.58,277.8895,43250.164780052546,43252.20493811143,0,-1.0
2021-09-30 03:15:00,43275.07,43312.24,43159.22,43189.24,338.69915,42018.19285233893,42017.88797483073,1,1.0
2021-10-12 19:00:00,55575.28,55777.76,55502.79,55660.74,452.4264,56553.436863093855,56559.35096755676,0,-1.0
2021-10-13 19:45:00,56983.02,57300.0,56948.22,57259.77,630.72094,56070.52582978977,56061.83863104684,1,1.0
2021-10-17 20:45:00,59509.78,59650.04,59318.09,59401.12,565.42306,60714.30145395754,60729.18371311232,0,-1.0
2021-10-17 23:15:00,61387.87,61487.88,61267.73,61272.14,377.88269,60739.364576649015,60734.29313507404,1,1.0
2021-10-21 17:00:00,62798.49,63279.73,62716.0,63112.13,490.30082,64627.03040084487,64631.989781301076,0,-1.0
2021-10-25 03:15:00,62026.9,62033.83,61857.48,61894.08,276.0907,61049.11273382036,61043.46576587771,1,1.0
2021-10-26 21:30:00,61924.39,62011.81,61000.0,61303.38,819.9047,62317.449969226764,62337.3354366131,0,-1.0
2021-10-28 13:30:00,61482.99,61800.0,61309.71,61399.99,926.21613,59997.54457787026,59987.126506706525,1,1.0
2021-10-31 08:30:00,60882.3,61014.99,60680.0,60739.64,674.05908,61520.712221822905,61524.66433136038,0,-1.0
2021-11-01 09:15:00,62115.06,62150.0,61890.88,62035.78,494.29985,61161.20599609109,61144.96035336882,1,1.0
2021-11-01 20:30:00,60900.0,60911.98,60567.02,60709.45,490.74824,61250.394850968325,61250.482557950054,0,-1.0
2021-11-02 06:15:00,61594.78,61699.99,61561.33,61608.99,190.93467,61212.84573654397,61210.31896570284,1,1.0
2021-11-04 07:45:00,62272.2,62275.33,61819.51,61853.79,928.62611,62567.46275777982,62581.5714928664,0,-1.0
2021-11-07 01:45:00,61881.67,61933.67,61782.05,61849.99,288.95839,61193.93929043381,61183.28549701525,1,1.0
2021-11-10 22:45:00,64883.41,65284.58,64716.61,65126.15,436.35044,66811.58644526277,66815.84942910809,0,-1.0
2021-11-14 00:15:00,64626.57,65320.0,64626.56,65154.48,1113.08712,64235.44725498725,64230.03665139217,1,1.0
2021-11-14 17:00:00,63705.58,63815.22,63617.23,63807.13,312.76671,64356.706505300994,64363.23269657542,0,-1.0
2021-11-14 23:45:00,64952.15,65550.51,64938.02,65519.1,1706.89312,64373.48846600883,64353.6259854519,1,1.0
2021-11-15 19:15:00,63936.09,64078.59,63818.64,64026.17,282.15336,64871.69602492028,64876.03489906627,0,-1.0
2021-11-20 03:45:00,58531.89,58586.47,58431.57,58513.1,351.32865,58058.44014047317,58053.59670875026,1,1.0
2021-11-22 02:30:00,57442.79,57779.63,57305.0,57750.59,575.12273,58815.146018269006,58825.919148124325,0,-1.0
2021-11-23 23:45:00,57673.1,57735.0,57524.99,57541.27,193.1081,57248.06879193762,57245.554877421026,1,1.0
2021-11-24 02:15:00,56775.63,56922.79,56388.0,56423.64,616.32409,57236.8503553675,57243.65019522455,0,-1.0
2021-11-25 00:45:00,57960.14,58270.0,57914.71,58008.06,1287.69847,56956.470259903785,56940.1131576437,1,1.0
2021-11-26 08:45:00,55423.5,55442.0,54350.0,55210.9,3561.78096,57856.16191073928,57875.71836196855,0,-1.0
2021-11-28 22:45:00,56216.04,56369.35,56023.01,56029.82,460.46028,54751.05911841687,54729.927499755366,1,1.0
2021-12-01 11:15:00,56905.76,56905.77,56758.87,56847.72,456.58019,57130.06891551237,57133.445916446246,0,-1.0
2021-12-01 13:00:00,57100.2,57332.75,57038.64,57250.66,432.22751,57135.78548222354,57135.32530414437,1,1.0
2021-12-02 02:15:00,56924.01,56964.57,56821.65,56898.37,318.67114,57286.51198861409,57292.03807429991,0,-1.0
2021-12-06 23:00:00,50746.48,50857.63,50579.33,50636.21,553.30285,49099.30837028591,49086.545101357406,1,1.0
2021-12-08 11:15:00,49160.26,49509.75,49054.0,49080.01,781.6386,50346.18345757416,50349.666374381304,0,-1.0
2021-12-08 20:30:00,50533.74,50733.23,50523.72,50715.17,310.92025,50281.84200109077,50279.419124344684,1,1.0
2021-12-09 03:15:00,49815.35,49859.96,49730.01,49840.59,178.63099,50298.26440732932,50299.937495340855,0,-1.0
2021-12-11 17:00:00,48983.9,49044.38,48772.45,48874.0,530.61499,48446.853799633354,48443.98596557119,1,1.0
2021-12-13 09:30:00,48837.39,48839.09,48700.89,48811.47,272.4346,49217.188124273765,49218.891272694476,0,-1.0
2021-12-15 02:30:00,47927.08,47997.82,47866.57,47909.97,167.43266,47674.56672070522,47673.1509417398,1,1.0
2021-12-15 16:00:00,46632.3,46989.99,46547.0,46921.85,906.38793,47801.68387847121,47806.92043363307,0,-1.0
2021-12-15 20:15:00,49009.28,49348.52,48830.31,49240.85,1414.65097,47825.75544494568,47801.6133246963,1,1.0
2021-12-16 22:15:00,47776.97,47864.37,47670.0,47724.79,224.08433,48347.28959712214,48348.84116912111,0,-1.0
2021-12-19 04:15:00,47882.12,47945.93,47800.0,47865.27,168.37688,46935.22298965758,46925.82681244001,1,1.0
2021-12-19 21:30:00,46831.99,46884.95,46785.86,46861.63,117.21518,47067.16529832158,47068.54522723405,0,-1.0
2021-12-21 03:00:00,46942.54,47100.0,46914.76,47089.42,256.90238,46681.07288101465,46673.40878440359,1,1.0
2021-12-23 08:00:00,48129.61,48261.62,48060.0,48245.22,391.47412,48550.09899309978,48555.72165649894,0,-1.0
2021-12-23 15:45:00,48757.73,48849.66,48712.05,48819.33,236.53674,48547.02779122623,48542.801137178176,1,1.0
2021-12-26 02:45:00,50089.77,50193.37,49987.99,50028.5,284.23196,50642.071135480815,50651.40648435522,0,-1.0
2021-12-26 23:45:00,50762.98,50820.0,50736.0,50775.49,92.39873,50354.20203446157,50353.9110676859,1,1.0
2021-12-28 03:00:00,49775.31,49775.32,49500.0,49525.45,574.63542,50727.36296436406,50751.700022663754,0,-1.0
2021-12-31 09:45:00,48266.56,48345.24,48203.0,48291.96,339.07675,47446.84580954282,47434.75582668699,1,1.0
2021-12-31 19:15:00,46430.57,46452.28,46078.01,46085.73,775.35613,47492.77343818804,47508.07123373426,0,-1.0
2022-01-01 18:30:00,47637.43,47658.64,47420.0,47468.81,290.65106,47158.59658362407,47152.41324189384,1,1.0
2022-01-02 19:45:00,46942.09,46987.89,46900.38,46907.68,116.03571,47230.26281026326,47230.34545527668,0,-1.0
2022-01-09 19:45:00,42515.71,42740.0,42470.0,42695.26,304.92576,41870.51616456811,41867.9381382599,1,1.0
2022-01-10 11:15:00,41628.1,41699.99,41506.79,41633.13,491.99289,41916.41565948075,41920.56383631654,0,-1.0
2022-01-11 03:45:00,42189.15,42277.99,42188.01,42277.98,204.98381,41723.093035830476,41721.8425475587,1,1.0
2022-01-13 21:00:00,42796.18,42804.17,42664.14,42743.54,298.67664,43256.106611876625,43258.47116893036,0,-1.0
2022-01-14 23:00:00,43250.56,43286.7,43179.6,43230.19,144.88862,42922.08090552582,42915.65752319677,1,1.0
2022-01-16 13:30:00,42610.14,43013.36,42590.14,42980.39,547.91384,43069.59509310343,43071.13825006183,0,-1.0
2022-01-16 14:00:00,43129.54,43380.0,43127.95,43130.0,611.47201,43073.476549070954,43072.577046242295,1,1.0
2022-01-16 21:15:00,42966.11,43028.87,42933.37,42963.64,68.77526,43084.323462900364,43084.54283932214,0,-1.0
2022-01-16 22:30:00,43195.0,43200.0,43156.92,43170.0,90.21089,43086.00121787914,43085.015981241326,1,1.0
2022-01-17 00:45:00,43029.64,43029.65,42871.65,42891.12,151.7101,43084.55331395688,43085.06968394854,0,-1.0
2022-01-20 11:45:00,42109.6,42176.45,42080.0,42129.44,162.16589,41965.2758481667,41964.21920101588,1,1.0
2022-01-21 00:00:00,40680.92,40753.04,40404.0,40628.7,1570.2961,42120.47096771155,42127.633885483534,0,-1.0
2022-01-24 22:15:00,36783.43,36842.95,36485.0,36566.11,396.8323,35316.96857189731,35296.14571538931,1,1.0
2022-01-27 03:15:00,36114.54,36214.52,36084.51,36195.15,321.59912,36968.32733742275,36981.63030910637,0,-1.0
2022-01-28 03:30:00,37295.53,37368.01,37199.99,37358.18,408.71142,36675.60838737088,36668.598562706946,1,1.0
2022-01-28 12:30:00,36331.43,36421.77,36166.66,36190.34,502.38756,36702.5307431547,36709.71499152685,0,-1.0
2022-01-28 15:00:00,36759.65,37198.0,36682.24,37149.99,649.31778,36714.63051004396,36712.27140021317,1,1.0
2022-01-31 01:00:00,36829.3,36960.67,36786.73,36821.06,549.46182,37755.087994672,37770.635111156604,0,-1.0
2022-01-31 18:00:00,38473.03,38538.07,38354.67,38382.49,338.91593,37547.478124975736,37537.86173288426,1,1.0
2022-02-02 15:45:00,37566.98,37587.31,37361.49,37429.78,694.69107,38343.6168363177,38358.130302032754,0,-1.0
2022-02-04 07:15:00,37919.0,37976.61,37877.64,37934.01,343.95502,37250.08617159154,37247.08722337565,1,1.0
2022-02-11 01:15:00,43499.98,43659.7,43340.0,43411.0,451.53522,44124.1968870163,44130.54567510748,0,-1.0
2022-02-14 16:30:00,42741.42,42818.35,42670.43,42720.26,408.30651,42306.98807408955,42303.70219360621,1,1.0
2022-02-14 21:00:00,42180.51,42234.92,42140.27,42232.4,126.51358,42308.69418906691,42308.98215435674,0,-1.0
2022-02-14 22:15:00,42591.97,42750.0,42558.24,42732.28,389.98331,42320.15878969895,42313.052005036894,1,1.0
2022-02-17 09:15:00,43377.25,43422.8,42900.0,43249.99,1267.11728,43794.41642253933,43795.16434823174,0,-1.0
2022-02-23 07:15:00,38100.94,38118.9,38016.02,38059.93,210.56176,37891.13845215063,37890.30933704108,1,1.0
2022-02-23 22:15:00,37267.22,37462.88,37080.0,37462.88,564.08879,38104.049757587054,38107.37519154531,0,-1.0
2022-02-24 23:30:00,38224.64,38344.67,38092.08,38333.01,366.72309,36874.71639987966,36860.09140799722,1,1.0
2022-02-27 20:15:00,37595.9,37738.77,37357.0,37564.73,910.44568,38872.018347079575,38889.81116262282,0,-1.0
2022-02-28 15:45:00,40501.84,40898.0,40500.0,40824.96,1542.42004,38568.540617253304,38523.60452831686,1,1.0
2022-03-03 15:45:00,42482.59,42699.0,42348.56,42547.34,1524.92856,43488.62048822698,43498.293869042915,0,-1.0
2022-03-08 11:45:00,38989.26,39099.99,38931.0,38983.05,387.64384,38580.3762682075,38574.8416715479,1,1.0
2022-03-10 08:15:00,38957.11,39061.68,38782.14,39047.28,1100.67668,40555.68619974073,40579.17048188275,0,-1.0
2022-03-14 15:45:00,38929.76,38977.39,38823.36,38964.25,477.88063,38808.23035101057,38808.05469883092,1,1.0
2022-03-14 18:00:00,38736.42,38787.39,38694.49,38708.19,226.84631,38805.948405948904,38807.60832814904,0,-1.0
2022-03-14 22:45:00,39140.93,39947.12,39074.0,39326.12,3396.07976,38818.78533069882,38809.52886550308,1,1.0
2022-03-15 07:45:00,38456.32,38489.86,38390.77,38439.5,870.24766,38842.11012504218,38849.81371008646,0,-1.0
2022-03-15 16:15:00,39098.28,39244.0,39072.8,39176.76,612.8925,38832.20884305647,38826.76381376292,1,1.0
2022-03-20 16:45:00,41345.44,41398.01,41240.89,41297.0,288.54983,41656.83286846656,41661.16559712945,0,-1.0
2022-03-22 03:30:00,42305.61,42363.45,42252.08,42318.28,607.17272,41300.77886666973,41287.92437717038,1,1.0
2022-03-30 16:00:00,47160.82,47183.58,47024.46,47138.25,782.79551,47251.727377323215,47253.25485337342,0,-1.0
2022-03-30 17:30:00,47208.01,47566.83,47200.61,47549.99,820.73076,47261.89577948927,47256.97413017974,1,1.0
2022-03-30 20:00:00,47073.89,47140.0,47009.96,47101.0,339.6914,47255.52773411554,47256.453135034055,0,-1.0
2022-04-02 00:30:00,46230.09,46454.0,46213.65,46418.52,1033.14407,46031.64938884982,46027.696032920365,1,1.0
2022-04-02 23:45:00,45923.75,45958.0,45756.94,45811.0,415.37386,46259.20355194153,46265.471212529126,0,-1.0
2022-04-03 12:30:00,46315.08,46391.6,46315.07,46385.94,214.60456,46232.974047094445,46230.794651228854,1,1.0
2022-04-04 03:15:00,46129.0,46155.92,46100.0,46147.42,158.76281,46297.22571374443,46297.74762791635,0,-1.0
2022-04-05 00:15:00,46608.51,46622.25,46559.94,46564.21,284.97614,46163.61818753079,46160.76477699856,1,1.0
2022-04-05 17:15:00,45993.0,46037.77,45950.0,46024.99,572.9952,46316.49633411119,46319.432082556115,0,-1.0
2022-04-10 18:15:00,43223.8,43238.64,43168.61,43199.35,223.17702,42732.378254717914,42731.562672246975,1,1.0
2022-04-10 23:45:00,42338.08,42365.45,42053.56,42158.85,363.90934,42749.4651001126,42752.257845739325,0,-1.0
2022-04-13 16:45:00,41133.33,41238.46,40938.14,41005.58,992.45147,40313.76727844149,40303.77770816691,1,1.0
2022-04-14 17:00:00,39951.11,39975.37,39870.0,39879.65,298.79677,40754.63845613853,40762.89427877122,0,-1.0
2022-04-16 00:30:00,40499.2,40523.36,40477.73,40518.53,88.13477,40354.72151975595,40351.93822224701,1,1.0
2022-04-16 16:00:00,40062.67,40155.39,40005.78,40137.58,361.03351,40378.591025535476,40381.82554685107,0,-1.0
2022-04-17 11:00:00,40412.89,40422.85,40375.76,40393.37,109.2465,40350.22677678417,40349.580301538175,1,1.0
2022-04-17 17:45:00,40211.07,40213.9,40050.0,40101.72,399.68485,40352.55619747197,40354.16532314318,0,-1.0
2022-04-18 21:00:00,40664.25,40838.99,40664.25,40781.88,486.79175,39852.54201733886,39847.884839994374,1,1.0
2022-04-21 22:30:00,40290.79,40417.38,39751.0,40359.01,2721.34155,41531.05843782393,41553.26701155755,0,-1.0
2022-04-25 20:45:00,40170.77,40192.14,40088.6,40185.34,493.43323,39359.67469169137,39355.02224166917,1,1.0
2022-04-26 17:15:00,38361.03,38425.53,38000.18,38255.04,2485.89779,39788.09073497046,39811.89330145254,0,-1.0
2022-04-28 01:15:00,39543.96,39568.74,39335.06,39489.2,450.53574,39073.071643571726,39072.00857192832,1,1.0
2022-04-29 11:00:00,38805.4,38944.25,38760.0,38795.93,661.20081,39470.99938850713,39475.74384889656,0,-1.0
2022-05-02 02:45:00,38518.71,38654.54,38508.79,38621.62,346.31206,38321.48808405384,38317.34170810381,1,1.0
2022-05-03 10:30:00,38447.43,38457.44,38400.0,38407.7,215.53883,38514.207642333844,38514.78841287513,0,-1.0
2022-05-04 09:45:00,38995.53,39002.27,38813.45,38884.13,935.48805,38285.53549851385,38276.84083350078,1,1.0
2022-05-05 16:00:00,36909.67,37099.99,36784.87,37032.25,3015.58322,39013.509078430085,39028.02810056686,0,-1.0
2022-05-13 05:30:00,30819.29,30856.23,30680.44,30838.2,1018.48457,29496.85769653777,29471.584546793278,1,1.0
2022-05-14 03:30:00,29546.23,29595.29,29466.84,29519.16,429.51846,29830.41489019613,29831.723039288332,0,-1.0
2022-05-15 01:00:00,29963.55,29996.62,29832.15,29877.78,758.67094,29597.668155432442,29594.710737741632,1,1.0
2022-05-16 13:30:00,29817.09,29972.11,29650.0,29779.99,1890.56193,30059.51794604803,30063.4083618382,0,-1.0
2022-05-17 04:00:00,30363.59,30390.0,30280.03,30328.3,388.26557,29984.50300816253,29981.850847838006,1,1.0
2022-05-18 05:30:00,29969.0,30048.6,29951.76,29965.73,374.08326,30166.54998402436,30167.183356501555,0,-1.0
2022-05-19 16:45:00,30119.02,30225.69,30086.84,30153.02,832.42536,29528.78243505262,29522.255176847102,1,1.0
2022-05-20 17:00:00,28901.09,28947.97,28799.99,28946.22,897.54476,29882.307001039524,29884.095958507613,0,-1.0
2022-05-22 09:45:00,29989.14,30201.0,29882.43,30140.78,1352.48494,29468.09100365549,29467.7003570757,1,1.0
2022-05-23 21:15:00,29359.19,29437.69,29351.7,29417.02,353.78205,30000.822483913016,30007.290659224822,0,-1.0
2022-05-25 03:15:00,30152.84,30222.87,30104.41,30138.81,611.0377,29576.454956818838,29567.759084087047,1,1.0
2022-05-26 08:45:00,29156.16,29156.16,28877.0,29009.59,4144.28798,29663.993705382363,29674.5013446583,0,-1.0
2022-05-29 00:15:00,29022.15,29034.84,28987.7,29014.72,174.60417,28966.373691255154,28965.6127088407,1,1.0
2022-05-29 02:00:00,28925.85,28925.86,28839.21,28872.41,411.11477,28963.31202644539,28964.593148720676,0,-1.0
2022-05-29 06:15:00,29012.08,29015.0,28987.52,29010.0,172.14899,28965.49217526579,28964.58894383462,1,1.0
2022-06-01 17:00:00,30419.62,30429.71,30100.0,30270.87,2572.48361,31364.319998878895,31384.437544371496,0,-1.0
2022-06-05 17:45:00,30059.03,30120.5,29988.07,30021.99,340.58488,29793.032293977492,29789.808118286503,1,1.0
2022-06-07 03:45:00,29614.54,29644.5,29550.0,29563.62,871.71399,30683.381910106556,30683.450696993863,0,-1.0
2022-06-07 21:45:00,31424.4,31482.69,31361.36,31401.21,548.73693,30319.041367163856,30307.99747393069,1,1.0
2022-06-08 18:15:00,30334.28,30350.88,30151.71,30212.5,740.07914,30445.44626002015,30448.669394277316,0,-1.0
2022-06-19 19:45:00,20198.49,20299.0,20107.64,20124.08,1739.53527,19388.855040603543,19383.66780110852,1,1.0
2022-06-22 06:15:00,20359.92,20367.08,20005.76,20020.0,2363.81085,20677.584316013777,20678.739401778985,0,-1.0
2022-06-23 11:00:00,20699.54,20719.69,20676.59,20693.84,438.10335,20446.283023050964,20443.384269678107,1,1.0
2022-06-23 17:30:00,20266.94,20314.69,20250.0,20302.91,373.92055,20448.054232890023,20450.655191604066,0,-1.0
2022-06-23 19:30:00,20715.39,20858.75,20696.2,20834.6,1463.31834,20463.745893393952,20456.033975348662,1,1.0
2022-06-27 00:00:00,21038.08,21092.58,20975.97,21012.52,945.93172,21282.211385615403,21287.000134970105,0,-1.0
2022-06-27 09:30:00,21436.3,21493.0,21422.97,21450.57,418.16474,21272.451428124936,21269.09225866309,1,1.0
2022-06-27 13:45:00,20860.2,20876.58,20722.04,20737.81,2569.5871,21263.74504557313,21269.211115823895,0,-1.0
2022-07-04 00:15:00,19324.56,19331.41,19256.29,19304.1,501.93489,19239.6653168587,19238.717285392595,1,1.0
2022-07-04 01:15:00,19187.1,19214.67,19161.76,19179.21,475.78625,19237.29406242468,19237.882217102913,0,-1.0
2022-07-04 11:00:00,19470.64,19550.0,19470.64,19519.9,695.96567,19229.661374620784,19225.33545786868,1,1.0
2022-07-10 03:45:00,21285.64,21317.87,21277.59,21294.98,1568.70763,21537.259178619526,21540.745079864537,0,-1.0
2022-07-14 00:45:00,20259.28,20387.9,20257.67,20306.05,1809.83789,19804.36043585005,19798.131458343632,1,1.0
2022-07-14 14:30:00,19746.57,19816.75,19694.2,19782.33,1695.65164,19865.580378458137,19865.910962676702,0,-1.0
2022-07-14 14:45:00,19782.25,19957.35,19771.61,19893.58,2816.65665,19866.498398836557,19866.252555730076,1,1.0
2022-07-18 00:45:00,20830.73,20836.04,20781.54,20822.85,1105.42686,21061.803751192376,21065.738117703382,0,-1.0
2022-07-18 03:15:00,21206.23,21379.99,21204.01,21342.21,1963.67622,21072.85731193588,21068.814367552583,1,1.0
2022-07-21 08:30:00,22833.56,22915.22,22820.69,22829.94,1871.07336,23123.17540680657,23125.66298017784,0,-1.0
2022-07-22 01:00:00,23269.2,23308.74,23206.73,23223.44,1352.99555,23035.739122858256,23034.866089147818,1,1.0
2022-07-22 03:30:00,22894.18,22949.29,22861.43,22932.01,1135.8595,23034.28931551843,23034.907694894595,0,-1.0
2022-07-22 06:45:00,23165.57,23199.31,23118.71,23166.26,1092.83326,23036.8882639627,23034.738925114627,1,1.0
2022-07-22 20:45:00,22556.78,22611.1,22500.0,22604.97,1651.80303,23124.01895246417,23127.14699433881,0,-1.0
2022-07-24 16:30:00,22663.82,22732.72,22630.04,22723.24,1066.72018,22630.145685658863,22629.533470481132,1,1.0
2022-07-25 01:15:00,22291.33,22328.15,22212.06,22237.58,1305.69125,22641.57917960303,22644.445623974607,0,-1.0
2022-07-27 17:00:00,21530.71,21538.6,21455.25,21499.55,2631.63326,21342.379280045538,21340.51424990948,1,1.0
2022-07-31 07:00:00,23777.3,23812.26,23732.96,23807.15,1142.59961,23863.511657986128,23863.607287845094,0,-1.0
2022-08-03 10:45:00,23421.4,23432.34,23375.48,23410.54,1204.60788,23073.810979070968,23072.206312734364,1,1.0
2022-08-04 05:00:00,23085.58,23150.0,23058.39,23078.26,1115.90873,23155.009446530075,23156.369251121756,0,-1.0
2022-08-05 07:30:00,23189.65,23212.77,23177.14,23199.84,1119.20004,22948.988020513847,22948.246700557,1,1.0
2022-08-07 01:30:00,22897.84,22934.84,22878.12,22905.16,875.52524,23110.162214438973,23113.191244713184,0,-1.0
2022-08-07 17:45:00,23232.89,23262.99,23202.0,23240.4,1185.28376,23078.57539870745,23077.471176107647,1,1.0
2022-08-09 13:00:00,23245.15,23270.0,23218.07,23229.3,1336.44246,23635.354691477372,23639.125043993296,0,-1.0
2022-08-10 14:45:00,23989.41,24082.2,23958.08,24002.48,2756.75841,23313.978554504018,23307.444910152288,1,1.0
2022-08-12 10:00:00,23983.42,24001.17,23872.0,23918.35,2964.72395,24027.264289616047,24029.487524312415,0,-1.0
2022-08-12 20:45:00,24096.79,24286.61,24093.6,24225.2,2202.16224,24006.31788213645,24001.791966258144,1,1.0
2022-08-14 20:00:00,24284.07,24316.29,24251.22,24301.86,947.44522,24455.204157933556,24455.59592399311,0,-1.0
2022-08-15 02:45:00,24824.46,24931.66,24755.99,24917.72,3440.94443,24453.58625454326,24447.616394500226,1,1.0
2022-08-15 08:15:00,23961.38,24052.29,23869.46,24024.76,4108.68746,24462.64889498243,24464.58126449656,0,-1.0
2022-08-21 21:45:00,21495.86,21570.52,21495.76,21533.83,1053.81683,21424.655292808697,21422.807852326685,1,1.0
2022-08-21 22:00:00,21535.4,21536.55,21277.73,21324.63,4195.87328,21421.37577501169,21421.595780075735,0,-1.0
2022-08-21 22:15:00,21324.63,21535.0,21286.96,21493.43,2939.56918,21423.738208617862,21422.482622297022,1,1.0
2022-08-22 07:15:00,21336.62,21347.69,21184.86,21204.46,3333.48691,21423.183675048433,21427.018374638552,0,-1.0
2022-08-23 12:30:00,21386.77,21403.41,21347.36,21388.55,2001.18696,21303.85029015983,21302.221176038907,1,1.0
2022-08-26 06:00:00,21403.11,21442.21,21369.34,21436.93,1630.13904,21548.538188524133,21550.616886663858,0,-1.0
2022-08-29 17:30:00,20263.0,20303.67,20241.22,20277.58,2022.59064,20020.141114005743,20017.680295392634,1,1.0
2022-08-30 17:00:00,19615.37,19699.29,19593.09,19625.07,3671.13217,20139.94976308157,20150.46083552478,0,-1.0
2022-08-31 04:30:00,20377.27,20431.0,20341.48,20376.39,2445.13173,20107.14780314302,20103.061567690664,1,1.0
2022-08-31 23:45:00,20005.37,20060.0,20001.92,20050.02,1913.06032,20150.663759996478,20150.753252558807,0,-1.0
2022-09-02 04:45:00,20193.25,20197.03,20146.28,20161.07,1626.26976,20038.379434037513,20037.1807911993,1,1.0
2022-09-02 20:30:00,19928.06,19940.81,19907.16,19919.31,1277.69418,20068.64844972575,20070.686059213338,0,-1.0
2022-09-04 23:45:00,20000.12,20011.21,19935.22,20000.3,2617.37469,19842.650511000516,19840.679353426065,1,1.0
2022-09-05 06:00:00,19726.04,19765.62,19703.98,19762.41,2687.35856,19842.607467330654,19843.283626006603,0,-1.0
2022-09-06 01:00:00,20100.26,20180.0,20099.88,20122.98,4368.54082,19812.147967210116,19811.509154303374,1,1.0
2022-09-06 03:00:00,19816.36,19827.0,19708.05,19714.3,3355.7768,19809.987922827426,19811.001816511758,0,-1.0
2022-09-06 07:15:00,19890.51,19948.14,19887.81,19946.91,3245.07986,19813.161615396195,19811.491473692808,1,1.0
2022-09-06 17:00:00,19747.25,19756.33,19105.0,19175.76,13791.32545,19819.27389742073,19823.923128119994,0,-1.0
2022-09-08 05:15:00,19324.14,19333.55,19287.55,19310.2,2122.19262,19179.836030949496,19178.94606938152,1,1.0
2022-09-13 15:00:00,21009.74,21069.3,20900.01,20936.37,6048.262,22017.92913961143,22037.104107588533,0,-1.0
2022-09-17 15:30:00,19923.79,20037.99,19917.08,19968.96,3022.46004,19859.587140692656,19858.8736832306,1,1.0
2022-09-18 16:00:00,19814.63,19879.44,19640.25,19718.53,6567.47693,19949.428925104185,19950.079471404144,0,-1.0
2022-09-20 07:00:00,19379.17,19568.1,19360.39,19508.4,4720.90843,19336.903487438325,19335.971351358035,1,1.0
2022-09-20 09:30:00,19274.57,19318.65,19229.5,19235.48,2842.11715,19334.079743850067,19335.25080150831,0,-1.0
2022-09-21 16:45:00,19306.38,19308.84,19211.02,19235.21,3272.85391,19122.491221451666,19120.674540547312,1,1.0
2022-09-21 21:15:00,18622.04,18722.5,18399.0,18496.2,5439.09247,19116.056269909554,19123.804235348,0,-1.0
2022-09-22 18:15:00,18983.73,19048.17,18969.17,19038.65,3786.82403,18978.02129752412,18977.31589741332,1,1.0
2022-09-23 14:00:00,18640.69,18678.29,18564.84,18618.43,6681.893,19095.792670036222,19102.878535672648,0,-1.0
2022-09-24 03:15:00,19098.71,19128.56,19089.0,19108.06,1865.64662,19041.53531627679,19040.90208863679,1,1.0
2022-09-24 22:45:00,18941.29,18941.29,18805.34,18886.34,3908.48148,19057.399581535,19057.824751268723,0,-1.0
2022-09-25 11:45:00,19085.73,19180.21,19085.03,19117.94,3202.28436,19045.24210695325,19043.869367039184,1,1.0
2022-09-25 13:45:00,18908.21,18941.43,18867.98,18934.88,2723.007,19041.381127120567,19042.781530787706,0,-1.0
2022-09-26 13:45:00,19140.83,19220.66,19138.29,19191.11,6882.26468,18969.635777078434,18969.23361351391,1,1.0
2022-09-27 22:15:00,18975.82,19097.4,18960.49,19074.77,5467.11879,19460.996728626258,19466.440577322952,0,-1.0
2022-09-28 19:15:00,19555.48,19566.31,19464.29,19496.38,5877.6232,19226.92055863635,19225.864166564694,1,1.0
2022-09-29 15:45:00,19278.46,19329.0,19258.96,19288.85,4530.55403,19329.602273966728,19330.292302561065,0,-1.0
2022-09-29 16:45:00,19558.73,19645.52,19442.13,19444.28,7884.54813,19332.82114128537,19331.377172137716,1,1.0
2022-10-01 05:00:00,19407.43,19418.88,19391.96,19397.47,1193.20972,19463.440732562267,19464.630679979353,0,-1.0
2022-10-03 15:45:00,19352.3,19386.92,19321.6,19335.92,3459.74385,19237.474149120062,19236.183545479395,1,1.0
2022-10-06 21:15:00,19981.69,20023.16,19920.01,19950.42,1998.23409,20096.645024426907,20097.826405604417,0,-1.0
2022-10-12 23:45:00,19157.18,19163.0,19142.99,19155.53,942.56409,19135.56869120442,19135.530952646383,1,1.0
2022-10-13 01:45:00,19101.7,19117.42,19090.01,19106.57,1620.10772,19134.956498939857,19135.35972524249,0,-1.0
2022-10-13 21:00:00,19382.61,19421.21,19375.23,19406.07,1889.41408,19047.71117360659,19043.788638871065,1,1.0
2022-10-14 23:15:00,19169.76,19180.0,19147.74,19162.76,966.06573,19335.137834408542,19338.02253094764,0,-1.0
2022-10-16 20:45:00,19296.95,19346.73,19296.68,19329.63,1594.50565,19171.175526282455,19170.25884574024,1,1.0
2022-10-18 20:00:00,19217.79,19295.0,19195.44,19247.84,5101.8381,19430.986819657322,19434.71062772352,0,-1.0
2022-10-21 22:45:00,19170.84,19190.77,19168.48,19189.37,761.12623,19104.180641038547,19102.62874600958,1,1.0
2022-10-25 10:00:00,19265.57,19279.99,19237.0,19261.17,2356.68455,19315.482805080504,19315.78165479362,0,-1.0
2022-10-25 13:30:00,19377.72,19449.0,19373.79,19414.53,8068.11542,19317.469622378314,19316.12705201847,1,1.0
2022-10-28 00:45:00,20317.48,20337.8,20274.8,20284.81,2607.14532,20481.30357037764,20481.50891198653,0,-1.0
2022-10-28 17:45:00,20680.61,20700.0,20627.35,20629.63,2463.40421,20404.574543645063,20402.099269384595,1,1.0
2022-10-30 18:15:00,20643.82,20669.93,20640.12,20654.16,1483.8627,20714.436754522947,20715.08037250927,0,-1.0
2022-11-04 06:45:00,20582.64,20627.42,20568.28,20606.95,4234.45195,20322.900493375735,20317.499295319267,1,1.0
2022-11-07 00:00:00,20905.58,20950.0,20893.05,20912.53,5371.18545,21169.367329565986,21173.26307002297,0,-1.0
2022-11-15 03:15:00,16827.19,16846.46,16780.9,16830.85,2236.07958,16586.087211589478,16583.547476214826,1,1.0
2022-11-16 13:30:00,16612.17,16700.24,16511.0,16591.54,8574.9592,16778.435585132353,16778.833358763928,0,-1.0
2022-11-17 23:45:00,16708.35,16708.74,16685.93,16692.56,1355.79705,16642.493819204814,16642.355480139755,1,1.0
2022-11-18 19:00:00,16588.11,16627.33,16569.92,16571.37,2383.55658,16700.78633561004,16702.985642071544,0,-1.0
2022-11-20 00:00:00,16700.68,16720.97,16686.51,16699.04,1588.65306,16664.789874395636,16664.23061729408,1,1.0
2022-11-20 10:45:00,16614.26,16642.0,16604.86,16626.44,2408.71943,16669.464448317744,16669.536643883872,0,-1.0
2022-11-22 22:00:00,16145.77,16189.32,16143.81,16164.21,1748.23682,16046.524865341966,16046.028161088194,1,1.0
2022-11-25 07:00:00,16424.94,16437.2,16415.07,16429.51,1515.77087,16506.33179769175,16506.78725806622,0,-1.0
2022-11-25 20:00:00,16523.67,16532.39,16518.17,16520.84,1004.32043,16502.218278528973,16502.175017048194,1,1.0
2022-11-26 20:15:00,16503.38,16506.48,16488.65,16490.06,739.0542,16542.13764344418,16542.47265013404,0,-1.0
2022-11-27 08:00:00,16562.98,16577.0,16554.23,16571.21,1619.5167,16533.91520176636,16533.65879722045,1,1.0
2022-11-28 00:15:00,16455.36,16487.04,16455.03,16481.25,2129.11214,16537.27215659469,16538.348382951674,0,-1.0
2022-11-29 08:00:00,16463.95,16475.72,16430.0,16432.38,3043.82119,16327.74365714085,16326.376479901184,1,1.0
2022-12-03 14:15:00,16951.29,16955.31,16930.0,16943.47,2236.17765,16973.339485059012,16973.407968144384,0,-1.0
2022-12-04 05:45:00,17009.46,17024.33,17008.15,17015.09,1225.85093,16966.55240560596,16965.890267382663,1,1.0
2022-12-05 21:00:00,16938.55,16958.81,16931.0,16953.48,1421.73624,17111.3701276096,17114.002376116947,0,-1.0
2022-12-08 18:30:00,17016.53,17249.1,17007.56,17176.38,9776.81542,16884.581243748762,16882.479300936684,1,1.0
2022-12-11 23:00:00,17101.41,17129.3,17075.44,17109.85,3628.41613,17151.08352969354,17151.876837234217,0,-1.0
2022-12-12 23:30:00,17181.7,17217.23,17170.31,17211.12,2109.99653,17061.196594633886,17059.43775875745,1,1.0
2022-12-15 13:15:00,17573.4,17605.54,17508.86,17547.79,6060.26835,17719.853988333554,17720.425803601433,0,-1.0
2022-12-20 08:45:00,16808.8,16840.49,16807.37,16824.94,2296.84159,16696.098979191585,16694.85339912253,1,1.0
2022-12-22 14:30:00,16763.21,16767.13,16629.26,16689.94,8511.2457,16813.580528497398,16814.097779937176,0,-1.0
2022-12-23 05:00:00,16837.72,16847.82,16830.32,16831.81,1287.6769,16786.803464937104,16786.58998009468,1,1.0
2022-12-25 14:00:00,16811.82,16812.84,16805.35,16806.63,759.25947,16825.423672276695,16825.77512920716,0,-1.0
2022-12-26 02:30:00,16890.16,16900.0,16868.43,16874.04,1715.54633,16821.68596490897,16820.74820377705,1,1.0
2022-12-27 14:45:00,16778.8,16784.37,16752.04,16772.25,3045.87898,16845.310737623084,16846.555815881446,0,-1.0
2022-12-31 14:30:00,16630.07,16638.52,16602.95,16608.36,2364.77662,16568.53245259441,16568.49857682619,1,1.0
2022-12-31 22:45:00,16538.37,16538.84,16470.0,16520.81,2203.34404,16569.94179309887,16570.404948477295,0,-1.0
2023-01-01 18:45:00,16596.1,16598.1,16586.2,16591.88,864.51512,16557.033090865796,16556.40902381648,1,1.0
2023-01-03 21:00:00,16661.37,16666.62,16658.36,16665.36,1024.73014,16677.473276554418,16677.61799787269,0,-1.0
2023-01-04 01:45:00,16702.85,16711.58,16698.02,16701.97,1513.883,16677.589134323927,16677.36807395179,1,1.0
2023-01-06 09:45:00,16783.84,16794.53,16778.76,16787.1,1583.75981,16816.869054734063,16817.4265830599,0,-1.0
2023-01-06 19:45:00,16926.6,16965.41,16924.43,16939.91,4705.02694,16812.758540749313,16810.635902096838,1,1.0
2023-01-18 18:00:00,20887.85,20918.25,20840.81,20911.52,3890.60293,21167.118367625848,21169.370213786162,0,-1.0
2023-01-20 00:15:00,21060.63,21113.32,21032.72,21102.38,2616.60449,20950.79981841785,20948.893827009422,1,1.0
2023-01-25 00:00:00,22631.94,22670.0,22601.62,22639.46,3187.00464,22890.600980818355,22893.01580887042,0,-1.0
2023-01-25 22:00:00,23592.56,23816.73,23204.73,23447.13,12289.04397,22767.297509615437,22765.30643859047,1,1.0
2023-01-27 03:45:00,22795.52,22812.95,22761.49,22772.62,1765.15149,22947.956938058338,22950.112263866296,0,-1.0
2023-01-27 07:45:00,23033.6,23081.83,23008.38,23072.77,3618.21378,22949.198576765688,22948.843671516108,1,1.0
2023-01-27 13:45:00,22959.13,22966.23,22857.8,22899.82,4384.66042,22949.723416406356,22949.72365923892,0,-1.0
2023-01-27 15:00:00,22967.66,23096.0,22941.72,23088.92,4991.18861,22950.880065927035,22950.06090138757,1,1.0
2023-01-28 13:15:00,22936.38,22937.0,22878.46,22925.22,3112.9528,23017.627501407806,23018.56998093467,0,-1.0
2023-01-29 01:00:00,23112.95,23233.62,23112.14,23201.8,5452.98363,23019.08881862368,23016.672724265798,1,1.0
2023-01-30 14:00:00,23057.72,23180.94,23027.3,23175.71,3703.04764,23402.614846492597,23404.802086750024,0,-1.0
2023-02-01 05:00:00,23136.75,23159.61,23132.09,23159.21,1958.86553,23076.05802899583,23075.614415603402,1,1.0
2023-02-01 08:30:00,22967.56,23006.16,22938.16,22992.28,2751.5346,23076.242520491647,23076.352444500935,0,-1.0
2023-02-01 20:00:00,23385.99,23466.25,23327.96,23394.35,8925.22488,23076.687577568468,23071.513521617795,1,1.0
2023-02-03 08:45:00,23397.61,23430.0,23372.2,23423.52,2510.82931,23564.390261181285,23564.526863266507,0,-1.0
2023-02-07 20:00:00,23092.87,23149.0,23029.11,23067.19,4806.99029,22974.328670528095,22973.182299126078,1,1.0
2023-02-08 17:30:00,23003.87,23012.74,22911.46,22946.5,4293.18173,23083.21639614132,23083.804180866035,0,-1.0
2023-02-12 12:00:00,21888.31,21895.56,21881.5,21885.0,1737.57218,21813.760565178778,21812.743800419226,1,1.0
2023-02-13 02:15:00,21716.88,21737.74,21661.53,21673.41,2923.90099,21833.578432624192,21836.90420222903,0,-1.0
2023-02-14 11:30:00,21809.55,21817.98,21789.42,21800.7,1705.61814,21729.256624161033,21728.630413060946,1,1.0
2023-02-20 00:15:00,24381.07,24411.52,24319.29,24320.35,2653.86287,24556.805471369644,24561.15706455018,0,-1.0
2023-02-20 10:30:00,24834.4,24910.5,24770.71,24894.06,6959.19457,24527.702285327716,24527.234282766996,1,1.0
2023-02-21 16:15:00,24450.5,24468.85,24311.04,24372.0,7400.16882,24716.91513446857,24723.82366007595,0,-1.0
2023-02-23 08:00:00,24377.12,24427.83,24362.41,24426.55,2419.55552,24241.960727674512,24240.792160528938,1,1.0
2023-02-23 11:30:00,23863.46,23937.99,23660.0,23783.3,14158.09455,24242.416269101624,24243.438725034557,0,-1.0
2023-02-26 19:15:00,23448.38,23515.67,23416.49,23463.11,3472.8917,23221.253631646585,23220.988682403025,1,1.0
2023-02-28 09:00:00,23263.3,23321.76,23258.0,23303.47,2112.27667,23390.09565207556,23390.625483763728,0,-1.0
2023-02-28 14:30:00,23394.44,23562.26,23315.42,23501.75,9434.69829,23390.7137228311,23389.2269224304,1,1.0
2023-02-28 21:00:00,23270.59,23277.98,23110.0,23167.24,6587.52123,23392.897811213,23394.46054122563,0,-1.0
2023-03-01 05:30:00,23682.34,23725.72,23631.97,23682.98,3377.83124,23371.41666027928,23370.5462406906,1,1.0
2023-03-02 07:45:00,23411.71,23419.0,23376.99,23391.87,1679.84438,23520.26249700743,23521.329844051106,0,-1.0
2023-03-06 16:00:00,22554.43,22586.98,22505.27,22546.77,4387.40204,22418.919425545697,22417.07111842821,1,1.0
2023-03-07 11:00:00,22372.85,22398.11,22368.54,22391.06,2086.60612,22427.822436749044,22428.402501254914,0,-1.0
2023-03-12 05:00:00,20386.3,20440.8,20384.15,20413.8,2979.86609,20310.46173565409,20309.591638597867,1,1.0
2023-03-16 04:30:00,24289.4,24295.78,24182.0,24210.34,2989.02379,24386.992879509184,24388.240811163265,0,-1.0
2023-03-16 06:45:00,24438.62,24599.96,24411.45,24568.74,5403.45294,24390.08196603576,24388.889586041038,1,1.0
2023-03-22 20:45:00,27127.41,27377.0,27127.4,27311.29,2499.68102,28029.992848831404,28030.732058569814,0,-1.0
2023-03-23 17:00:00,28464.96,28509.98,28260.25,28342.2,1563.99585,27781.52469849544,27774.97399915181,1,1.0
2023-03-24 18:45:00,27751.47,27815.58,27684.68,27740.01,1267.41788,27985.710483060462,27986.423662710986,0,-1.0
2023-03-26 12:30:00,27853.02,27914.38,27853.01,27895.78,501.17501,27607.105579035735,27604.483972160095,1,1.0
2023-03-27 15:00:00,26960.38,26971.63,26508.14,26719.99,9544.01304,27738.459039441914,27749.628595048558,0,-1.0
2023-03-29 04:30:00,27402.5,27612.95,27392.06,27538.49,2224.34958,27233.308875384413,27229.042122479987,1,1.0
2023-03-31 05:15:00,28126.34,28151.61,28120.11,28140.19,242.15081,28173.586529017262,28173.713177742735,0,-1.0
2023-03-31 15:45:00,28400.0,28498.11,28368.29,28494.99,807.98995,28142.466153476922,28135.762845228586,1,1.0
2023-04-02 13:45:00,28295.56,28329.1,28258.98,28279.53,330.50166,28383.60649369756,28384.61146540499,0,-1.0
2023-04-04 12:15:00,28238.28,28360.7,28233.99,28315.26,576.58158,28044.868096279046,28042.319373640363,1,1.0
2023-04-05 19:00:00,28030.19,28069.6,27967.8,28068.2,391.33906,28240.57727016854,28243.957288771755,0,-1.0
2023-04-08 07:30:00,28103.22,28104.69,28088.01,28088.02,199.15676,27981.156846951897,27979.417395871234,1,1.0
2023-04-08 19:30:00,27925.98,27926.36,27904.6,27926.35,191.32764,27988.15229495828,27988.61934622635,0,-1.0
2023-04-09 02:15:00,28060.55,28076.6,28056.85,28064.0,289.20046,27986.624204800635,27985.35941246466,1,1.0
2023-04-09 07:30:00,27908.38,27915.34,27858.17,27887.22,311.36679,27985.11027465562,27986.585593847678,0,-1.0
2023-04-09 20:30:00,28115.33,28149.85,28113.99,28120.79,204.15251,27967.853112488807,27967.080055536597,1,1.0
2023-04-15 14:45:00,30375.57,30375.58,30352.0,30359.39,191.31798,30404.878921422038,30405.165766281058,0,-1.0
2023-04-18 13:00:00,30303.14,30341.9,30282.63,30303.93,708.82814,29804.342847936925,29799.285527120282,1,1.0
2023-04-19 09:30:00,29218.22,29327.21,29182.17,29267.78,989.58406,29990.929310098334,29994.78536569131,0,-1.0
2023-04-24 04:00:00,27790.49,27800.0,27756.11,27763.23,213.56473,27628.05486898435,27625.388493251405,1,1.0
2023-04-24 07:30:00,27472.78,27479.11,27408.99,27463.39,463.29671,27626.281628594526,27626.393537866894,0,-1.0
2023-04-25 20:15:00,27861.28,27980.0,27835.0,27927.8,948.54854,27462.141822470327,27456.70981302916,1,1.0
2023-04-29 23:15:00,29191.5,29205.4,29174.12,29174.12,96.10583,29255.053456736063,29256.429752459477,0,-1.0
2023-04-30 14:30:00,29271.97,29436.49,29263.32,29358.94,851.34009,29244.394866892704,29243.50747804626,1,1.0
2023-05-01 02:15:00,28635.48,28667.24,28551.56,28582.18,1000.61038,29282.372055092008,29296.05522455423,0,-1.0
2023-05-02 21:30:00,28649.94,28693.66,28617.54,28660.0,269.67458,28418.68406410988,28413.84688306067,1,1.0
2023-05-03 15:15:00,28261.4,28300.0,28227.25,28239.84,483.15549,28471.036754578436,28472.991935136943,0,-1.0
2023-05-03 18:00:00,28576.7,28800.0,28486.44,28615.84,2793.58176,28473.40673593314,28472.68731566734,1,1.0
2023-05-03 19:00:00,28444.29,28507.82,28211.08,28301.75,1501.45821,28468.017071225462,28470.715044211705,0,-1.0
2023-05-03 21:30:00,28845.53,29057.62,28845.53,28977.85,1442.52946,28486.483119197437,28476.66201964811,1,1.0
2023-05-06 14:45:00,28620.59,28655.27,28581.81,28606.61,566.64973,29203.582548076658,29210.691029660073,0,-1.0
2023-05-10 14:30:00,28197.28,28230.9,28114.99,28114.99,628.82851,27756.60771087084,27752.654393942874,1,1.0
2023-05-10 19:15:00,27650.16,27750.07,27634.1,27690.39,943.1578,27760.762091374814,27761.7267844981,0,-1.0
2023-05-10 20:45:00,27859.59,27915.89,27848.5,27857.22,345.55174,27765.109039161445,27763.20660208744,1,1.0
2023-05-10 21:15:00,27778.47,27782.16,27219.0,27539.42,1914.8479,27758.13310005939,27760.629915159217,0,-1.0
2023-05-13 18:00:00,26812.31,26827.2,26792.01,26820.61,173.18357,26782.285871265183,26781.59236901941,1,1.0
2023-05-16 11:15:00,27070.01,27100.89,27050.0,27056.14,296.46154,27161.931752716282,27161.965614007073,0,-1.0
2023-05-17 21:15:00,27298.99,27500.0,27298.99,27427.74,863.64747,27025.405767402543,27019.138149106162,1,1.0
2023-05-18 18:15:00,26547.41,26641.81,26489.98,26606.0,1071.77812,27150.08976060003,27154.77199408505,0,-1.0
2023-05-20 18:00:00,27139.46,27150.0,27079.56,27139.54,996.68268,26915.856959705376,26913.21976630722,1,1.0
2023-05-21 15:30:00,26946.49,26946.49,26812.93,26812.94,301.69743,26988.068752995398,26988.348271091294,0,-1.0
2023-05-23 01:45:00,27028.87,27080.0,26982.85,26994.98,533.39297,26872.95368662991,26870.522873785776,1,1.0
2023-05-24 05:15:00,26811.51,26830.42,26786.95,26821.68,369.63947,27093.462937411725,27095.938574809505,0,-1.0
2023-05-26 14:15:00,26600.0,26836.02,26599.99,26777.1,2146.29875,26458.550163826483,26453.973092077187,1,1.0
2023-05-31 04:45:00,27576.73,27592.71,27250.88,27257.7,4052.23752,27711.86192308397,27716.212810174075,0,-1.0
2023-06-02 12:15:00,27157.04,27190.0,27115.59,27136.35,605.33922,27035.362295652274,27034.72526048427,1,1.0
2023-06-02 14:15:00,26960.85,26966.21,26893.87,26927.16,382.8078,27033.001670384398,27034.16275308926,0,-1.0
2023-06-02 17:15:00,27076.87,27093.82,27070.06,27078.59,208.94841,27035.51725161899,27034.679073537383,1,1.0
2023-06-04 00:15:00,27053.33,27062.16,27040.69,27056.8,120.47694,27119.50922363853,27120.668752241927,0,-1.0
2023-06-04 09:45:00,27222.3,27232.48,27209.48,27215.89,125.39388,27113.558211623753,27112.66611665537,1,1.0
2023-06-05 02:45:00,27019.67,27019.67,26859.0,26922.71,785.29661,27145.780643009304,27145.814408135477,0,-1.0
2023-06-06 20:30:00,26989.97,27013.63,26861.85,26939.17,1304.36109,26239.90642172122,26232.302942527367,1,1.0
2023-06-07 21:45:00,26383.57,26397.55,26125.01,26156.0,797.30548,26544.633331186356,26548.748499591566,0,-1.0
2023-06-08 18:45:00,26567.91,26567.91,26520.71,26550.0,188.21389,26487.96960538257,26487.874808446486,1,1.0
2023-06-09 20:45:00,26449.97,26460.39,26440.53,26451.16,151.74963,26519.12182229841,26520.081390904103,0,-1.0
2023-06-11 22:15:00,26026.9,26042.2,25984.01,25991.02,268.08116,25909.79147851526,25908.122076103064,1,1.0
2023-06-11 22:30:00,25991.02,26001.38,25745.03,25791.58,1044.43013,25905.91569233443,25906.683285040064,0,-1.0
2023-06-12 01:00:00,25965.13,26000.0,25938.03,25972.54,352.67816,25908.11036589646,25907.338947458597,1,1.0
2023-06-12 02:15:00,25944.23,25948.88,25602.11,25731.67,1600.98295,25905.994300531565,25906.661904593042,0,-1.0
2023-06-12 11:00:00,25964.6,25970.99,25950.0,25956.0,206.8731,25896.032247535655,25895.70966615394,1,1.0
2023-06-12 14:15:00,25845.4,25878.84,25818.92,25832.98,286.8567,25895.023949425056,25895.936096363166,0,-1.0
2023-06-13 01:15:00,25880.94,26004.59,25880.94,26003.98,325.51995,25886.71206459145,25886.559077619753,1,1.0
2023-06-13 20:15:00,25854.23,25864.18,25843.83,25852.17,139.36118,25955.053300299667,25955.616506388935,0,-1.0
2023-06-14 03:30:00,25989.17,25993.42,25964.46,25981.01,152.44269,25949.76645401887,25949.425223140523,1,1.0
2023-06-14 06:00:00,25845.14,25882.57,25840.0,25879.55,166.29041,25948.462812781618,25949.246096659437,0,-1.0
2023-06-14 12:30:00,26010.0,26027.91,25967.39,26007.28,533.52514,25948.50969314019,25947.524485303507,1,1.0
2023-06-14 20:00:00,25874.58,25879.69,25402.0,25585.98,3507.73611,25939.87766709423,25946.860967384986,0,-1.0
2023-06-16 04:15:00,25596.18,25629.73,25557.98,25570.09,333.47864,25410.661559396627,25408.654253354347,1,1.0
2023-06-25 20:45:00,30460.42,30460.43,30277.49,30374.0,644.01966,30568.303814873176,30570.907396078375,0,-1.0
2023-06-27 11:00:00,30656.56,30682.87,30560.52,30597.51,523.64879,30374.088256229064,30371.97598349962,1,1.0
2023-06-28 08:00:00,30186.14,30227.11,30150.98,30183.99,707.6433,30480.143279038624,30483.154530134634,0,-1.0
2023-06-29 11:15:00,30665.96,30676.0,30586.76,30640.85,610.22635,30333.042453036876,30326.94127070332,1,1.0
2023-06-30 19:00:00,30359.99,30436.33,30329.24,30414.68,443.00686,30513.989296178013,30515.45099139223,0,-1.0
2023-07-01 14:00:00,30565.26,30576.18,30531.22,30557.57,213.40772,30487.99693148562,30487.60235667882,1,1.0
2023-07-04 23:00:00,30820.01,30843.73,30810.77,30810.78,181.33519,30897.407731794745,30899.079478181717,0,-1.0
2023-07-06 09:30:00,31377.97,31438.38,31081.01,31155.24,1836.56802,30667.444713145534,30659.846498821233,1,1.0
2023-07-06 14:45:00,30178.61,30225.23,30067.91,30214.35,1995.92172,30667.158734537294,30671.78459077859,0,-1.0
2023-07-09 08:15:00,30295.87,30295.88,30283.34,30286.11,83.8523,30260.049329899583,30259.679203276988,1,1.0
2023-07-09 21:00:00,30193.99,30212.0,30177.0,30177.0,151.63641,30265.245482623544,30265.81998660483,0,-1.0
2023-07-10 17:00:00,30351.18,30366.0,30332.0,30343.31,291.10559,30212.940542988505,30212.609377358378,1,1.0
2023-07-12 21:00:00,30347.99,30354.36,30318.0,30354.36,183.85828,30539.877748622697,30540.28938210365,0,-1.0
2023-07-13 14:15:00,30548.92,30571.07,30522.35,30554.72,297.60963,30484.024638373015,30483.306317448943,1,1.0
2023-07-14 19:45:00,30099.73,30124.43,30052.06,30115.17,606.46196,30964.273067336664,30968.95691860943,0,-1.0
2023-07-20 06:15:00,30090.0,30197.36,30089.99,30191.65,300.57313,29986.471738065044,29986.451699572906,1,1.0
2023-07-20 17:30:00,29718.0,29808.0,29702.0,29796.52,350.42795,30024.213579623876,30028.137337904027,0,-1.0
2023-07-22 02:30:00,29934.01,29955.54,29928.0,29951.07,70.11261,29901.233086712196,29900.927526696978,1,1.0
2023-07-22 05:45:00,29875.58,29875.59,29858.0,29870.01,69.44098,29900.313995350974,29900.81210646502,0,-1.0
2023-07-22 07:45:00,29970.11,29979.99,29938.99,29944.77,167.74805,29901.67001999379,29901.169745429008,1,1.0
2023-07-22 12:30:00,29875.99,29876.0,29840.0,29843.21,125.43407,29901.607764273904,29901.97469422176,0,-1.0
2023-07-23 09:00:00,29948.01,29955.66,29933.41,29933.42,127.23747,29877.477728385435,29876.98468719813,1,1.0
2023-07-24 05:00:00,29794.0,29794.01,29756.71,29770.34,145.10154,29916.481573947287,29919.339279613752,0,-1.0
2023-07-26 19:30:00,29361.24,29400.08,29336.32,29389.13,377.72708,29270.582829542836,29268.665038853844,1,1.0
2023-07-27 19:00:00,29141.38,29175.62,29125.79,29149.98,387.17483,29350.189106938855,29352.87469602203,0,-1.0
2023-07-28 16:30:00,29377.26,29399.98,29358.49,29393.99,203.89126,29288.990372776443,29288.744267536957,1,1.0
2023-07-28 18:00:00,29259.36,29267.89,29242.93,29256.0,167.03371,29287.88807506457,29288.426003665525,0,-1.0
2023-07-28 18:30:00,29274.01,29332.11,29274.0,29332.11,235.27609,29288.897874039172,29288.78953413494,1,1.0
2023-07-29 16:30:00,29295.86,29295.86,29295.84,29295.84,28.60724,29306.722304398525,29306.883936621627,0,-1.0
2023-07-29 17:30:00,29310.0,29323.76,29309.99,29321.24,87.60995,29307.323351652583,29307.104016188863,1,1.0
2023-07-30 08:15:00,29296.65,29305.69,29296.65,29305.68,60.35837,29314.95057605012,29315.074749093274,0,-1.0
2023-07-30 15:00:00,29391.82,29449.0,29391.81,29396.01,446.11239,29313.265106285635,29313.264073967028,1,1.0
2023-07-30 21:00:00,29270.96,29270.96,29196.98,29219.67,194.95849,29315.632387875125,29316.80261219159,0,-1.0
2023-07-31 01:45:00,29435.55,29452.0,29408.78,29451.99,146.12847,29313.90222722494,29313.284076347285,1,1.0
2023-07-31 17:15:00,29226.01,29228.87,29153.0,29187.58,308.8941,29340.445237117277,29340.637818610157,0,-1.0
2023-08-02 00:00:00,29705.99,29825.63,29682.01,29715.0,2325.51718,29150.752286484345,29138.970182238005,1,1.0
2023-08-02 20:30:00,29152.76,29161.49,29149.91,29152.5,125.31743,29315.683424666302,29318.30790735386,0,-1.0
2023-08-04 16:45:00,29259.37,29265.39,29252.0,29265.38,98.90738,29221.737058567363,29221.736863780552,1,1.0
2023-08-04 18:00:00,29200.01,29200.01,29162.23,29175.01,406.03934,29221.23561564126,29221.597467078696,0,-1.0
2023-08-06 22:45:00,29120.02,29122.0,29094.36,29100.0,71.98819,29084.533836495484,29084.27569538594,1,1.0
2023-08-07 00:45:00,29068.15,29069.37,29047.5,29055.99,101.78768,29083.329748430628,29083.862224979544,0,-1.0
2023-08-07 01:00:00,29055.98,29135.4,29055.98,29118.44,151.50212,29084.480904219785,29084.289111090908,1,1.0
2023-08-07 13:45:00,29055.97,29082.47,29030.0,29030.51,334.43674,29093.491729809233,29093.967572738096,0,-1.0
2023-08-07 21:45:00,29195.58,29206.12,29172.82,29196.42,110.08502,29083.78301360449,29083.0759081464,1,1.0
2023-08-10 07:00:00,29517.33,29548.0,29517.33,29548.0,127.63767,29595.3466443152,29595.617076873248,0,-1.0
2023-08-14 14:30:00,29448.0,29593.0,29445.11,29564.16,1241.56388,29398.60612632561,29397.652928855852,1,1.0
2023-08-15 05:15:00,29372.68,29393.19,29371.29,29393.19,128.31445,29415.038126279913,29415.457600991536,0,-1.0
2023-08-23 16:15:00,26196.0,26455.66,26192.36,26340.42,3434.70252,26017.467535393767,26015.913370464903,1,1.0
2023-08-24 18:45:00,25996.0,26032.81,25996.0,26021.25,188.39251,26250.037399200035,26254.436083243036,0,-1.0
2023-08-27 14:00:00,26079.99,26142.43,26079.98,26132.36,336.69977,26054.168302423765,26053.036315393827,1,1.0
2023-08-28 04:00:00,26012.98,26026.61,26009.37,26026.61,142.07416,26067.84298972711,26067.99552581152,0,-1.0
2023-08-28 16:00:00,26104.16,26124.65,26095.88,26122.57,197.44933,26050.513751064984,26049.635395147285,1,1.0
2023-08-28 22:00:00,25982.68,25998.76,25981.73,25998.75,109.7363,26052.53577935402,26053.23556477569,0,-1.0
2023-08-28 23:15:00,26074.41,26178.83,26074.4,26132.46,470.21982,26055.427162055294,26054.268608705013,1,1.0
2023-08-29 08:15:00,25998.64,26015.72,25984.77,25992.64,245.05163,26058.75747077751,26059.48960609018,0,-1.0
2023-08-29 14:15:00,26189.99,27200.0,26181.84,26951.04,8423.8515,26063.51673261681,26057.450919554663,1,1.0
2023-08-31 16:30:00,26715.9,26715.9,26471.26,26491.65,3169.65114,27152.44110103317,27153.840396947413,0,-1.0
2023-09-03 21:00:00,26048.18,26071.95,26013.2,26015.14,310.38124,25921.407560923333,25920.208289479408,1,1.0
2023-09-04 13:45:00,25908.1,25909.75,25880.0,25883.35,147.98245,25933.644052016312,25934.0172766299,0,-1.0
2023-09-07 05:30:00,25788.45,25790.08,25776.87,25783.16,101.18681,25750.14383939683,25749.99659392779,1,1.0
2023-09-07 11:15:00,25744.77,25744.77,25707.4,25717.08,155.48012,25750.814320023557,25750.839202334555,0,-1.0
2023-09-07 16:45:00,25884.33,25976.66,25824.4,25828.71,635.60499,25749.20418096813,25748.440488032764,1,1.0
2023-09-08 18:15:00,25803.03,25817.66,25801.15,25801.4,128.31881,25943.976617232736,25945.323046506535,0,-1.0
2023-09-12 09:45:00,25823.09,25875.85,25817.38,25869.97,357.24363,25576.945534183786,25573.05156154043,1,1.0
2023-09-17 20:45:00,26463.93,26463.93,26422.0,26436.35,310.46281,26526.298247256636,26526.427787345976,0,-1.0
2023-09-18 03:15:00,26601.41,26644.23,26581.71,26633.82,252.49218,26523.724570487615,26523.083056105497,1,1.0
2023-09-21 06:15:00,27033.93,27050.92,27010.09,27010.12,151.41641,27067.08960896006,27067.59980555151,0,-1.0
2023-09-27 10:30:00,26408.63,26490.15,26400.59,26428.58,694.49017,26264.750776541485,26263.66317962704,1,1.0
2023-10-03 07:30:00,27585.84,27585.84,27521.43,27561.66,337.39356,27682.395444511913,27683.33411258019,0,-1.0
2023-10-04 19:30:00,27761.18,27768.04,27527.2,27617.44,867.71497,27514.375442302156,27512.6303689598,1,1.0
2023-10-05 20:30:00,27441.37,27452.92,27410.0,27440.31,242.05786,27609.03867668538,27612.027657079547,0,-1.0
2023-10-06 11:00:00,27670.49,27685.06,27609.71,27685.06,422.13746,27582.372127377064,27581.135572172847,1,1.0
2023-10-06 13:15:00,27390.58,27431.6,27371.36,27391.86,475.26136,27576.57327359959,27579.738621360997,0,-1.0
2023-10-06 15:00:00,27670.0,27727.09,27647.28,27725.97,421.8542,27584.034312420405,27582.208060548845,1,1.0
2023-10-09 08:15:00,27832.63,27832.64,27815.33,27815.34,114.92954,27891.115777495146,27892.296531426462,0,-1.0
2023-10-14 01:45:00,26888.01,26929.47,26883.2,26915.05,253.07464,26841.287399574252,26840.72539074127,1,1.0
2023-10-15 01:00:00,26848.76,26854.46,26845.4,26852.43,42.69867,26862.44085804437,26862.611868880565,0,-1.0
2023-10-15 01:30:00,26856.18,26899.99,26856.18,26896.98,136.9726,26863.375062309176,26862.957863257976,1,1.0
2023-10-19 03:30:00,28245.0,28262.23,28230.0,28240.94,131.74437,28310.103867911766,28310.217722467973,0,-1.0
2023-10-19 09:15:00,28295.43,28368.01,28292.28,28360.01,253.44851,28310.082450371123,28309.46855670514,1,1.0
2023-10-27 00:30:00,34111.1,34117.92,34023.52,34027.99,149.15952,34175.62138758038,34176.86852276961,0,-1.0
2023-10-28 11:00:00,34100.82,34179.0,34098.0,34164.84,336.15484,34021.2874766959,34020.86952037508,1,1.0
2023-10-31 06:15:00,34351.87,34351.88,34260.39,34262.33,237.75835,34381.688144744476,34382.81712494303,0,-1.0
2023-10-31 19:45:00,34456.94,34553.78,34434.73,34540.3,288.22885,34373.47846417564,34371.29811918931,1,1.0
2023-11-03 01:00:00,34510.3,34579.29,34463.41,34496.21,536.79857,34900.21395866558,34901.34489111487,0,-1.0
2023-11-04 07:30:00,34848.54,34857.23,34773.61,34834.66,250.52078,34678.0293728391,34676.623280931955,1,1.0
2023-11-06 07:00:00,34853.68,34881.9,34849.18,34865.76,88.06635,34923.0483971252,34923.38671724858,0,-1.0
2023-11-06 09:15:00,35054.09,35059.99,34983.4,35044.8,294.30711,34924.64851508136,34923.62448288734,1,1.0
2023-11-07 03:30:00,34911.94,34911.94,34859.1,34892.76,126.18705,34971.68041337678,34972.338237446515,0,-1.0
2023-11-07 19:45:00,35488.18,35515.25,35416.69,35453.98,458.85867,34927.806080869144,34920.96643261362,1,1.0
2023-11-13 06:30:00,36826.43,36931.7,36755.0,36924.1,574.54907,37040.0634086138,37042.49382203714,0,-1.0
2023-11-15 18:30:00,37143.54,37222.2,36874.87,37208.27,1571.94693,36143.68903336309,36127.576789853505,1,1.0
2023-11-16 19:30:00,35764.52,35837.13,35500.0,35812.14,2000.89792,36781.21429079118,36792.334958400425,0,-1.0
2023-11-18 15:45:00,36622.0,36682.2,36594.92,36664.16,338.47093,36445.66350848364,36442.4878961194,1,1.0
2023-11-21 15:30:00,36461.15,36568.0,36363.01,36554.72,774.55279,37169.022847293105,37175.7621473847,0,-1.0
2023-11-22 21:00:00,37615.98,37719.99,37515.33,37694.02,1118.67201,36796.31226442665,36785.27658267821,1,1.0
2023-11-26 14:00:00,37514.9,37514.91,37459.82,37481.25,227.39183,37689.17616267389,37692.53818753832,0,-1.0
2023-11-28 16:15:00,37588.71,37678.03,37556.62,37603.8,611.26695,37218.39363132431,37217.53113315411,1,1.0
2023-11-30 15:30:00,37645.34,37703.41,37562.5,37576.97,373.15778,37789.44900773574,37789.800061537135,0,-1.0
2023-12-01 03:00:00,37990.79,38000.0,37950.54,37973.52,238.50005,37780.94510912534,37777.39048057325,1,1.0
2023-12-07 20:45:00,43136.78,43266.56,43098.46,43235.74,538.52828,43462.47437221443,43466.56387275658,0,-1.0
2023-12-08 13:30:00,43735.67,43750.0,43453.02,43594.03,965.33354,43430.94621371063,43429.11020784686,1,1.0
2023-12-10 09:45:00,43645.95,43722.88,43603.88,43606.8,358.34869,43856.87173473163,43862.11802679026,0,-1.0
2023-12-13 18:45:00,42092.4,42140.0,42075.3,42127.44,221.97727,41539.08963338318,41533.98056389359,1,1.0
2023-12-15 15:45:00,41793.49,41910.0,41666.0,41909.56,828.02733,42584.91795476055,42594.80212428797,0,-1.0
2023-12-16 17:45:00,42536.0,42567.66,42500.0,42506.89,275.67896,42355.21983741493,42354.24793283878,1,1.0
2023-12-16 22:15:00,42285.73,42300.0,42243.64,42291.96,191.49906,42354.84884236912,42355.40105531973,0,-1.0
2023-12-18 22:30:00,42521.09,42521.1,42440.76,42450.56,350.82773,41659.078421094804,41647.96348681139,1,1.0
2023-12-23 05:00:00,43504.03,43512.99,43482.77,43512.99,113.9931,43678.86530172215,43681.337768859674,0,-1.0
2023-12-23 16:15:00,43706.84,43740.0,43706.84,43740.0,140.40517,43669.350867167785,43668.16126452133,1,1.0
2023-12-24 08:15:00,43587.78,43619.98,43580.0,43619.98,115.81232,43694.79183743463,43695.36667125158,0,-1.0
2023-12-25 22:30:00,43627.18,43720.96,43627.18,43710.9,209.17287,43453.131576364656,43451.08513818035,1,1.0
2023-12-26 05:15:00,43232.97,43256.88,43036.85,43088.97,710.23007,43450.06122437985,43454.54354849949,0,-1.0
2023-12-27 16:30:00,43141.1,43191.1,43080.9,43098.43,696.61853,42776.47552226913,42775.093261639086,1,1.0
2023-12-28 15:15:00,42619.86,42629.99,42432.12,42444.75,715.4328,42993.245111854405,42998.4676750545,0,-1.0
2023-12-31 08:00:00,42537.1,42575.16,42469.12,42487.72,250.95334,42257.313180446705,42256.538910196694,1,1.0
2024-01-03 13:15:00,42539.87,42694.0,42315.99,42468.28,1679.4159,44587.14937186105,44594.28775328691,0,-1.0
2024-01-04 19:30:00,44384.21,44437.5,44031.1,44099.32,789.7015,43566.4976843422,43565.64450000077,1,1.0
2024-01-16 06:45:00,42736.78,42774.0,42704.61,42741.09,153.88202,43640.1108113941,43650.385887748176,0,-1.0
2024-01-20 21:45:00,41795.92,41816.0,41729.9,41733.85,100.15893,41628.35283205189,41627.0426326078,1,1.0
2024-01-21 10:45:00,,,,41809.18,,,,0,
